Date,Time,Temperature,Humidity,Light Intensity,Ground Temperature,Ground Humidity
2025-12-09,00:00,22.9,66.6,761,18.0,21.4
2025-12-09,00:05,21.2,56.0,796,9.5,39.4
2025-12-09,00:10,27.7,62.2,304,11.6,49.5
2025-12-09,00:15,21.1,57.7,235,19.7,37.4
2025-12-09,00:20,22.5,61.7,310,2.5,57.1
2025-12-09,00:25,24.8,53.7,286,6.7,24.1
2025-12-09,00:30,26.4,68.7,786,16.3,35.5
2025-12-09,00:35,25.7,68.3,406,1.7,27.9
2025-12-09,00:40,22.3,68.6,301,12.3,33.0
2025-12-09,00:45,21.4,55.5,250,1.5,26.0
2025-12-09,00:50,21.6,63.9,652,12.9,27.6
2025-12-09,00:55,24.1,45.6,266,14.3,34.3
2025-12-09,01:00,23.6,55.9,645,10.1,33.9
2025-12-09,01:05,21.3,65.8,235,19.3,24.0
2025-12-09,01:10,27.4,42.9,300,12.0,40.8
2025-12-09,01:15,21.7,59.9,254,13.3,32.5
2025-12-09,01:20,26.9,53.7,742,16.1,26.9
2025-12-09,01:25,29.8,48.6,484,3.0,58.7
2025-12-09,01:30,27.5,45.8,770,9.8,57.2
2025-12-09,01:35,21.3,55.8,430,19.8,56.7
2025-12-09,01:40,20.8,50.7,546,17.4,36.6
2025-12-09,01:45,23.1,41.2,395,19.6,37.4
2025-12-09,01:50,29.8,66.4,303,9.4,27.7
2025-12-09,01:55,27.4,43.9,586,19.0,55.8
2025-12-09,02:00,20.7,50.9,202,13.8,58.7
2025-12-09,02:05,25.2,44.0,539,15.9,42.4
2025-12-09,02:10,24.1,49.5,313,11.6,20.7
2025-12-09,02:15,22.2,47.6,488,18.6,49.6
2025-12-09,02:20,25.5,44.7,580,17.9,27.7
2025-12-09,02:25,29.3,53.5,717,8.9,39.2
2025-12-09,02:30,26.9,56.5,208,9.0,21.9
2025-12-09,02:35,29.7,55.7,486,5.5,37.6
2025-12-09,02:40,20.1,45.2,352,12.3,34.4
2025-12-09,02:45,24.0,61.4,418,6.8,49.7
2025-12-09,02:50,28.3,66.9,297,4.3,45.2
2025-12-09,02:55,29.9,69.4,603,12.2,52.8
2025-12-09,03:00,29.4,64.9,233,10.5,50.0
2025-12-09,03:05,27.8,65.2,700,12.6,54.9
2025-12-09,03:10,28.8,62.0,234,4.8,36.5
2025-12-09,03:15,20.5,69.8,400,15.9,51.8
2025-12-09,03:20,29.4,43.4,502,0.0,20.9
2025-12-09,03:25,21.8,60.1,392,9.9,53.0
2025-12-09,03:30,23.6,64.7,269,19.6,28.2
2025-12-09,03:35,21.3,53.6,710,10.5,59.3
2025-12-09,03:40,23.6,40.1,266,8.4,23.4
2025-12-09,03:45,20.5,66.2,608,0.3,34.3
2025-12-09,03:50,24.8,46.6,760,2.9,23.4
2025-12-09,03:55,21.2,58.6,245,5.8,51.5
2025-12-09,04:00,23.4,62.1,282,19.2,51.6
2025-12-09,04:05,21.5,43.2,329,7.4,28.5
2025-12-09,04:10,22.1,65.1,294,7.8,22.9
2025-12-09,04:15,20.1,47.8,664,16.3,45.6
2025-12-09,04:20,24.7,42.2,536,5.5,47.4
2025-12-09,04:25,28.9,41.8,655,9.7,23.4
2025-12-09,04:30,29.1,44.7,375,14.0,59.1
2025-12-09,04:35,20.8,53.2,482,14.2,20.4
2025-12-09,04:40,27.5,67.8,784,11.6,48.1
2025-12-09,04:45,28.3,69.1,521,19.5,21.9
2025-12-09,04:50,20.2,49.8,519,17.5,44.2
2025-12-09,04:55,21.3,47.6,213,12.3,35.7
2025-12-09,05:00,29.7,45.6,369,5.0,31.6
2025-12-09,05:05,25.7,55.6,310,8.6,49.9
2025-12-09,05:10,28.3,63.7,600,17.0,35.2
2025-12-09,05:15,21.6,41.4,503,2.6,27.3
2025-12-09,05:20,28.3,57.4,654,10.4,49.3
2025-12-09,05:25,25.7,54.5,339,9.6,20.8
2025-12-09,05:30,24.2,60.5,627,2.0,39.7
2025-12-09,05:35,22.3,44.0,391,16.9,53.5
2025-12-09,05:40,20.4,41.0,300,15.5,44.7
2025-12-09,05:45,29.8,52.0,238,10.1,30.0
2025-12-09,05:50,21.2,61.8,264,17.0,38.1
2025-12-09,05:55,29.7,51.2,793,11.0,21.6
2025-12-09,06:00,27.7,48.6,307,1.6,51.4
2025-12-09,06:05,21.4,47.7,356,3.3,35.2
2025-12-09,06:10,23.4,54.6,299,19.2,49.8
2025-12-09,06:15,27.9,43.4,450,5.3,33.3
2025-12-09,06:20,20.9,41.8,618,13.4,34.7
2025-12-09,06:25,26.9,67.8,790,3.8,53.5
2025-12-09,06:30,28.3,62.8,253,10.7,49.6
2025-12-09,06:35,22.1,66.3,614,6.6,45.5
2025-12-09,06:40,20.3,62.6,572,6.2,20.5
2025-12-09,06:45,24.4,66.7,749,12.9,33.5
2025-12-09,06:50,21.1,55.7,411,0.1,49.6
2025-12-09,06:55,20.3,40.2,719,9.5,58.1
2025-12-09,07:00,23.2,69.1,368,9.7,59.0
2025-12-09,07:05,25.2,63.8,373,12.2,41.3
2025-12-09,07:10,21.6,45.2,619,15.6,23.3
2025-12-09,07:15,26.6,69.3,707,4.3,58.1
2025-12-09,07:20,23.4,58.5,309,11.9,51.5
2025-12-09,07:25,27.5,40.1,269,11.8,30.0
2025-12-09,07:30,23.9,49.1,328,17.1,50.7
2025-12-09,07:35,28.4,55.6,797,15.7,50.0
2025-12-09,07:40,20.9,57.4,669,1.0,54.8
2025-12-09,07:45,27.5,46.4,232,4.0,47.0
2025-12-09,07:50,28.7,41.3,614,2.8,37.7
2025-12-09,07:55,29.4,68.3,285,11.7,38.1
2025-12-09,08:00,28.0,42.3,221,9.4,26.8
2025-12-09,08:05,28.7,60.7,674,14.5,28.7
2025-12-09,08:10,20.3,63.9,408,19.8,32.8
2025-12-09,08:15,23.8,60.8,590,7.1,57.2
2025-12-09,08:20,22.8,62.2,521,3.3,38.0
2025-12-09,08:25,27.6,58.8,464,20.0,31.2
2025-12-09,08:30,26.9,53.3,296,15.9,36.8
2025-12-09,08:35,23.9,51.2,277,8.8,30.6
2025-12-09,08:40,28.7,64.9,663,3.9,57.7
2025-12-09,08:45,28.2,43.1,505,17.2,44.6
2025-12-09,08:50,24.0,61.3,625,5.2,44.9
2025-12-09,08:55,21.7,46.7,754,19.4,30.0
2025-12-09,09:00,24.8,51.1,728,13.5,51.1
2025-12-09,09:05,29.2,50.1,798,13.3,38.1
2025-12-09,09:10,23.1,49.8,481,10.2,44.5
2025-12-09,09:15,23.4,67.3,299,0.8,35.3
2025-12-09,09:20,28.7,50.1,599,18.6,40.0
2025-12-09,09:25,20.2,48.0,585,11.8,31.7
2025-12-09,09:30,24.6,63.3,711,11.1,41.8
2025-12-09,09:35,22.4,60.3,396,5.8,45.1
2025-12-09,09:40,26.6,44.3,795,1.7,20.7
2025-12-09,09:45,20.7,69.4,203,6.4,39.7
2025-12-09,09:50,28.9,57.1,648,5.0,29.7
2025-12-09,09:55,21.2,46.8,491,11.3,34.4
2025-12-09,10:00,22.7,49.8,517,0.3,50.3
2025-12-09,10:05,20.4,41.7,641,1.3,48.4
2025-12-09,10:10,29.8,54.8,479,6.8,25.5
2025-12-09,10:15,23.3,45.3,434,10.1,24.6
2025-12-09,10:20,24.3,55.6,401,16.5,41.2
2025-12-09,10:25,21.8,58.8,308,16.5,36.9
2025-12-09,10:30,21.0,44.3,643,9.8,35.6
2025-12-09,10:35,27.3,66.7,502,3.6,38.2
2025-12-09,10:40,27.2,50.8,373,16.0,35.7
2025-12-09,10:45,27.7,67.4,668,17.8,43.4
2025-12-09,10:50,28.7,60.2,577,4.2,47.1
2025-12-09,10:55,25.0,65.0,487,17.1,58.7
2025-12-09,11:00,27.8,53.8,776,8.2,45.6
2025-12-09,11:05,27.6,69.6,791,17.3,23.8
2025-12-09,11:10,30.0,40.0,567,13.3,48.2
2025-12-09,11:15,24.7,53.7,245,11.9,53.3
2025-12-09,11:20,24.4,42.0,469,19.5,26.8
2025-12-09,11:25,22.9,56.9,542,14.7,53.9
2025-12-09,11:30,20.8,67.1,429,8.4,46.7
2025-12-09,11:35,21.6,40.9,283,17.8,24.0
2025-12-09,11:40,20.8,62.8,713,4.9,35.6
2025-12-09,11:45,24.0,59.0,311,17.7,53.3
2025-12-09,11:50,25.0,60.9,367,14.0,25.8
2025-12-09,11:55,23.0,59.5,217,14.0,29.8
2025-12-09,12:00,25.0,42.7,244,4.9,26.7
2025-12-09,12:05,23.3,42.4,741,19.8,29.7
2025-12-09,12:10,23.8,44.3,740,4.9,23.4
2025-12-09,12:15,27.5,60.7,313,3.9,42.1
2025-12-09,12:20,24.8,50.4,667,8.3,29.7
2025-12-09,12:25,21.0,40.0,658,1.2,42.2
2025-12-09,12:30,29.9,68.8,354,16.1,57.1
2025-12-09,12:35,29.2,65.5,462,0.4,56.2
2025-12-09,12:40,27.6,62.2,215,18.2,29.8
2025-12-09,12:45,28.7,51.7,424,19.9,30.4
2025-12-09,12:50,27.9,69.4,251,18.5,52.3
2025-12-09,12:55,22.3,66.1,315,15.6,26.0
2025-12-09,13:00,29.7,55.5,348,19.0,45.3
2025-12-09,13:05,26.3,59.7,753,16.8,58.4
2025-12-09,13:10,29.5,62.8,218,11.1,22.1
2025-12-09,13:15,22.9,58.0,574,0.7,57.9
2025-12-09,13:20,22.8,67.6,206,19.3,22.9
2025-12-09,13:25,28.6,50.1,495,5.1,28.9
2025-12-09,13:30,26.6,47.5,680,14.4,35.4
2025-12-09,13:35,26.7,69.0,673,3.9,34.5
2025-12-09,13:40,22.3,62.8,381,8.6,48.4
2025-12-09,13:45,26.8,43.9,499,15.2,39.3
2025-12-09,13:50,21.8,49.9,688,13.8,25.9
2025-12-09,13:55,24.9,54.7,339,17.6,50.3
2025-12-09,14:00,27.3,55.5,486,18.0,29.3
2025-12-09,14:05,25.4,47.8,758,19.5,38.1
2025-12-09,14:10,23.7,46.6,261,12.1,20.2
2025-12-09,14:15,25.6,42.6,321,17.2,25.3
2025-12-09,14:20,28.7,56.3,424,16.9,24.9
2025-12-09,14:25,23.5,40.4,658,0.8,51.0
2025-12-09,14:30,21.6,54.0,772,1.4,20.2
2025-12-09,14:35,26.2,44.3,799,10.6,25.2
2025-12-09,14:40,23.3,56.2,286,2.5,28.7
2025-12-09,14:45,21.0,42.8,711,0.9,46.5
2025-12-09,14:50,27.9,67.5,538,11.8,32.4
2025-12-09,14:55,25.1,66.3,289,13.4,51.3
2025-12-09,15:00,23.4,52.5,241,4.4,58.7
2025-12-09,15:05,20.9,53.9,345,8.6,41.2
2025-12-09,15:10,20.3,59.6,755,5.9,58.4
2025-12-09,15:15,27.8,65.1,723,11.8,46.2
2025-12-09,15:20,24.0,50.6,209,13.1,52.9
2025-12-09,15:25,20.5,53.8,428,11.9,28.4
2025-12-09,15:30,20.5,45.0,685,12.3,49.5
2025-12-09,15:35,22.5,60.7,408,19.0,28.1
2025-12-09,15:40,28.3,41.8,743,6.8,31.8
2025-12-09,15:45,24.6,64.3,417,3.2,55.1
2025-12-09,15:50,26.1,67.3,403,6.5,41.2
2025-12-09,15:55,29.7,47.3,410,3.0,25.1
2025-12-09,16:00,20.2,48.7,466,14.7,26.3
2025-12-09,16:05,20.4,58.9,700,3.7,26.9
2025-12-09,16:10,22.3,49.4,234,12.4,36.7
2025-12-09,16:15,21.7,68.9,495,0.8,50.1
2025-12-09,16:20,25.7,57.5,653,7.2,54.3
2025-12-09,16:25,27.1,55.5,574,4.2,53.0
2025-12-09,16:30,21.0,52.9,509,9.9,51.6
2025-12-09,16:35,22.5,55.6,207,16.6,41.5
2025-12-09,16:40,25.6,60.7,416,14.3,53.8
2025-12-09,16:45,26.2,69.9,495,8.1,43.4
2025-12-09,16:50,27.4,65.4,725,17.6,58.7
2025-12-09,16:55,28.0,48.0,286,9.5,30.3
2025-12-09,17:00,22.9,41.5,331,15.0,22.3
2025-12-09,17:05,20.4,64.9,218,5.0,22.2
2025-12-09,17:10,28.8,58.6,761,15.4,59.8
2025-12-09,17:15,20.8,51.2,658,1.7,42.1
2025-12-09,17:20,29.1,47.0,357,4.7,36.8
2025-12-09,17:25,24.2,45.1,445,5.7,53.9
2025-12-09,17:30,28.8,69.1,722,9.0,36.5
2025-12-09,17:35,22.8,51.1,573,13.5,36.3
2025-12-09,17:40,21.7,51.4,330,17.8,51.1
2025-12-09,17:45,28.6,63.6,590,10.4,45.0
2025-12-09,17:50,21.3,53.5,410,17.2,59.4
2025-12-09,17:55,24.5,45.2,700,1.3,53.5
2025-12-09,18:00,28.2,59.4,731,0.9,58.1
2025-12-09,18:05,22.8,68.2,662,16.6,44.9
2025-12-09,18:10,20.7,44.8,579,4.0,41.3
2025-12-09,18:15,22.0,47.0,703,9.8,47.8
2025-12-09,18:20,27.0,69.7,551,16.9,38.7
2025-12-09,18:25,21.8,51.0,229,20.0,51.8
2025-12-09,18:30,20.9,60.1,700,7.5,59.6
2025-12-09,18:35,27.6,42.2,525,10.4,42.6
2025-12-09,18:40,25.6,66.1,239,19.5,37.8
2025-12-09,18:45,21.6,49.8,306,18.2,46.9
2025-12-09,18:50,23.0,66.8,724,15.0,56.4
2025-12-09,18:55,27.2,66.8,772,19.5,52.0
2025-12-09,19:00,23.8,40.1,716,11.3,21.8
2025-12-09,19:05,29.1,44.1,783,5.8,54.7
2025-12-09,19:10,29.5,44.4,762,17.9,37.1
2025-12-09,19:15,26.9,55.3,209,7.7,49.1
2025-12-09,19:20,27.4,49.5,355,11.8,34.3
2025-12-09,19:25,29.3,69.5,256,18.3,30.1
2025-12-09,19:30,28.8,45.3,752,10.4,44.4
2025-12-09,19:35,22.9,45.3,561,11.3,30.7
2025-12-09,19:40,24.1,67.0,581,16.3,28.8
2025-12-09,19:45,22.3,43.9,410,16.1,29.4
2025-12-09,19:50,22.5,69.0,696,19.0,51.8
2025-12-09,19:55,24.4,50.0,548,16.5,50.6
2025-12-09,20:00,20.7,47.3,686,12.7,53.0
2025-12-09,20:05,23.9,52.4,421,14.6,27.7
2025-12-09,20:10,25.6,54.1,536,1.2,59.1
2025-12-09,20:15,25.2,45.6,585,10.5,25.8
2025-12-09,20:20,23.2,53.6,616,5.1,38.0
2025-12-09,20:25,24.2,47.5,798,1.8,41.3
2025-12-09,20:30,22.7,41.2,770,7.7,56.4
2025-12-09,20:35,23.5,57.0,643,18.7,58.0
2025-12-09,20:40,29.1,43.4,551,5.8,36.2
2025-12-09,20:45,28.4,58.0,226,10.1,40.3
2025-12-09,20:50,26.1,67.1,384,16.2,47.6
2025-12-09,20:55,23.5,40.7,612,4.9,51.6
2025-12-09,21:00,22.1,69.6,665,5.9,37.3
2025-12-09,21:05,23.3,67.5,497,19.4,23.5
2025-12-09,21:10,26.7,52.6,423,8.6,50.5
2025-12-09,21:15,23.3,65.3,427,5.1,56.8
2025-12-09,21:20,22.2,68.9,462,8.7,58.4
2025-12-09,21:25,25.2,56.0,706,1.0,21.7
2025-12-09,21:30,29.4,62.0,336,4.1,48.4
2025-12-09,21:35,29.3,58.1,745,8.3,21.7
2025-12-09,21:40,27.1,53.0,273,19.9,25.9
2025-12-09,21:45,24.9,56.5,456,11.8,49.1
2025-12-09,21:50,24.3,63.0,305,0.3,30.6
2025-12-09,21:55,23.2,56.0,539,8.2,34.3
2025-12-09,22:00,27.5,56.9,480,1.3,22.7
2025-12-09,22:05,20.4,45.0,382,1.8,34.8
2025-12-09,22:10,29.4,55.4,227,6.3,43.2
2025-12-09,22:15,28.9,43.8,422,19.4,46.7
2025-12-09,22:20,29.2,67.3,571,3.9,31.6
2025-12-09,22:25,29.7,59.2,755,7.3,40.0
2025-12-09,22:30,26.3,68.8,364,10.1,27.2
2025-12-09,22:35,27.0,68.5,378,14.8,23.2
2025-12-09,22:40,26.5,48.1,265,17.7,21.8
2025-12-09,22:45,25.6,50.1,295,18.5,60.0
2025-12-09,22:50,26.9,48.6,472,2.6,40.0
2025-12-09,22:55,24.2,65.4,742,14.1,39.2
2025-12-09,23:00,22.4,54.3,502,15.4,20.2
2025-12-09,23:05,23.4,55.0,356,3.5,34.7
2025-12-09,23:10,24.0,44.4,538,9.0,22.0
2025-12-09,23:15,25.9,60.6,652,3.5,35.5
2025-12-09,23:20,26.0,63.8,417,3.7,35.2
2025-12-09,23:25,20.7,53.4,787,1.1,28.8
2025-12-09,23:30,26.2,58.9,267,4.1,36.7
2025-12-09,23:35,27.9,55.0,417,4.1,59.6
2025-12-09,23:40,27.8,46.5,636,6.8,33.1
2025-12-09,23:45,28.2,62.2,541,8.7,25.7
2025-12-09,23:50,27.2,44.7,648,18.8,24.0
2025-12-09,23:55,26.8,67.6,763,5.2,23.6
2025-12-10,00:00,21.0,47.7,792,14.9,21.7
2025-12-10,00:05,25.8,69.3,323,4.0,49.5
2025-12-10,00:10,25.5,55.8,328,15.0,32.9
2025-12-10,00:15,25.8,42.2,554,6.4,32.3
2025-12-10,00:20,25.0,63.4,262,4.3,20.6
2025-12-10,00:25,26.4,48.4,246,15.5,31.1
2025-12-10,00:30,20.0,40.7,521,16.4,47.5
2025-12-10,00:35,26.5,58.9,384,11.4,58.2
2025-12-10,00:40,21.2,60.3,659,9.5,21.2
2025-12-10,00:45,22.1,66.1,617,7.6,40.9
2025-12-10,00:50,21.6,52.3,591,19.9,42.6
2025-12-10,00:55,25.2,44.9,735,4.9,58.7
2025-12-10,01:00,28.7,46.6,237,19.1,51.0
2025-12-10,01:05,23.9,68.4,639,7.1,59.5
2025-12-10,01:10,22.3,56.8,512,5.4,46.2
2025-12-10,01:15,21.8,54.8,344,7.3,38.6
2025-12-10,01:20,28.2,53.9,406,5.4,50.0
2025-12-10,01:25,26.0,55.3,711,9.4,47.1
2025-12-10,01:30,21.9,65.1,701,19.9,35.4
2025-12-10,01:35,29.6,50.1,361,12.8,55.3
2025-12-10,01:40,27.4,56.2,379,2.0,42.0
2025-12-10,01:45,22.1,49.9,208,4.6,25.6
2025-12-10,01:50,28.6,51.9,438,9.8,53.4
2025-12-10,01:55,21.9,59.3,395,9.5,37.4
2025-12-10,02:00,28.3,58.2,207,4.4,37.8
2025-12-10,02:05,23.4,55.2,620,1.0,41.2
2025-12-10,02:10,22.4,45.1,307,10.3,56.0
2025-12-10,02:15,28.5,64.2,667,11.3,24.2
2025-12-10,02:20,25.2,45.2,455,12.3,33.1
2025-12-10,02:25,28.6,65.9,508,7.5,38.0
2025-12-10,02:30,29.3,51.5,332,14.3,30.0
2025-12-10,02:35,24.4,51.0,527,13.6,25.3
2025-12-10,02:40,25.3,43.8,609,11.1,57.1
2025-12-10,02:45,25.4,52.0,225,10.9,49.8
2025-12-10,02:50,30.0,59.8,649,5.4,53.0
2025-12-10,02:55,29.3,54.8,443,4.0,20.6
2025-12-10,03:00,26.7,63.5,374,11.1,52.3
2025-12-10,03:05,22.5,61.9,354,3.0,45.9
2025-12-10,03:10,21.1,55.3,229,14.0,46.5
2025-12-10,03:15,27.4,65.1,679,7.5,35.6
2025-12-10,03:20,25.2,68.0,244,14.5,23.2
2025-12-10,03:25,29.0,65.7,684,5.2,32.6
2025-12-10,03:30,26.3,61.0,702,10.3,51.0
2025-12-10,03:35,29.9,61.1,786,11.0,24.0
2025-12-10,03:40,28.9,42.1,650,15.4,24.6
2025-12-10,03:45,22.6,47.5,330,15.7,50.8
2025-12-10,03:50,20.6,55.6,728,18.5,31.8
2025-12-10,03:55,24.7,54.6,230,3.4,31.0
2025-12-10,04:00,24.1,68.6,484,17.9,46.2
2025-12-10,04:05,29.7,58.0,636,11.7,45.4
2025-12-10,04:10,29.3,60.9,662,10.3,36.8
2025-12-10,04:15,24.7,47.4,534,13.2,41.8
2025-12-10,04:20,23.3,59.1,582,10.8,39.9
2025-12-10,04:25,25.0,42.7,738,7.6,39.8
2025-12-10,04:30,26.6,54.9,744,1.3,43.5
2025-12-10,04:35,27.0,66.0,457,2.1,32.0
2025-12-10,04:40,25.1,65.9,393,18.6,54.8
2025-12-10,04:45,20.6,62.7,477,5.0,26.7
2025-12-10,04:50,29.1,58.4,358,4.0,26.1
2025-12-10,04:55,27.7,67.6,400,19.2,52.5
2025-12-10,05:00,21.1,44.8,352,8.1,25.3
2025-12-10,05:05,20.6,51.5,378,9.9,45.6
2025-12-10,05:10,29.4,65.2,498,13.6,50.3
2025-12-10,05:15,22.8,44.3,609,6.0,22.7
2025-12-10,05:20,28.0,47.2,487,17.9,40.1
2025-12-10,05:25,27.5,52.3,395,0.6,44.2
2025-12-10,05:30,20.6,69.2,436,4.8,28.2
2025-12-10,05:35,28.3,50.4,524,2.6,42.0
2025-12-10,05:40,26.4,43.2,406,2.6,38.7
2025-12-10,05:45,24.1,46.4,478,4.6,23.1
2025-12-10,05:50,28.5,55.9,469,9.7,52.1
2025-12-10,05:55,26.4,56.9,348,18.8,44.7
2025-12-10,06:00,22.6,65.2,708,16.4,47.1
2025-12-10,06:05,22.4,52.0,707,16.7,57.8
2025-12-10,06:10,29.7,67.8,396,18.9,50.1
2025-12-10,06:15,25.7,60.4,465,8.7,55.6
2025-12-10,06:20,25.0,53.3,528,3.7,33.1
2025-12-10,06:25,20.4,60.0,711,12.6,52.8
2025-12-10,06:30,21.2,60.6,272,11.6,25.4
2025-12-10,06:35,22.9,66.6,398,1.5,30.8
2025-12-10,06:40,26.9,50.8,711,12.0,29.7
2025-12-10,06:45,28.5,48.5,360,3.3,21.0
2025-12-10,06:50,22.0,51.9,800,14.2,25.8
2025-12-10,06:55,20.7,49.2,339,9.2,26.0
2025-12-10,07:00,28.2,69.0,277,19.0,43.0
2025-12-10,07:05,25.9,57.9,405,18.1,38.2
2025-12-10,07:10,28.7,41.5,416,18.2,34.5
2025-12-10,07:15,22.1,43.2,612,8.9,24.7
2025-12-10,07:20,25.4,58.6,556,11.3,56.4
2025-12-10,07:25,22.6,69.9,522,10.5,41.3
2025-12-10,07:30,20.6,55.1,713,16.8,55.0
2025-12-10,07:35,28.9,59.3,743,6.8,47.4
2025-12-10,07:40,22.5,50.7,790,17.3,30.2
2025-12-10,07:45,22.2,41.9,705,19.3,42.7
2025-12-10,07:50,22.9,48.1,366,5.0,55.2
2025-12-10,07:55,20.3,62.9,571,14.4,24.7
2025-12-10,08:00,20.5,52.6,471,17.0,52.0
2025-12-10,08:05,23.6,42.2,647,14.1,33.4
2025-12-10,08:10,24.6,66.4,468,10.5,46.8
2025-12-10,08:15,26.4,63.4,770,6.4,43.5
2025-12-10,08:20,24.0,51.7,778,19.4,33.5
2025-12-10,08:25,28.9,44.7,460,8.6,56.8
2025-12-10,08:30,23.9,63.0,326,3.8,59.0
2025-12-10,08:35,21.8,53.1,289,7.8,55.0
2025-12-10,08:40,29.7,50.4,667,16.9,49.0
2025-12-10,08:45,28.2,58.4,579,16.9,28.8
2025-12-10,08:50,29.8,44.1,680,2.7,39.6
2025-12-10,08:55,22.1,69.4,689,0.2,52.6
2025-12-10,09:00,22.6,59.6,782,7.6,41.5
2025-12-10,09:05,20.7,44.8,220,17.6,21.5
2025-12-10,09:10,29.7,60.9,228,18.4,50.8
2025-12-10,09:15,29.1,52.5,788,16.0,33.8
2025-12-10,09:20,26.6,48.3,303,12.1,44.0
2025-12-10,09:25,22.1,53.7,794,10.5,39.6
2025-12-10,09:30,22.0,57.8,499,2.4,41.7
2025-12-10,09:35,27.3,43.5,538,11.4,51.2
2025-12-10,09:40,28.1,56.5,469,5.7,54.5
2025-12-10,09:45,26.6,51.7,434,11.2,22.0
2025-12-10,09:50,27.9,56.1,473,5.3,51.9
2025-12-10,09:55,24.8,64.8,731,16.3,35.2
2025-12-10,10:00,20.0,53.9,598,11.5,27.6
2025-12-10,10:05,29.8,58.1,309,10.8,26.8
2025-12-10,10:10,28.7,64.6,216,6.3,36.5
2025-12-10,10:15,26.4,67.4,338,6.3,25.2
2025-12-10,10:20,27.9,60.4,775,11.7,28.1
2025-12-10,10:25,28.2,62.7,550,2.1,23.7
2025-12-10,10:30,28.7,53.7,479,12.9,49.1
2025-12-10,10:35,24.3,68.1,600,19.1,35.3
2025-12-10,10:40,22.0,45.0,490,17.6,50.0
2025-12-10,10:45,21.7,58.8,767,0.9,24.7
2025-12-10,10:50,21.3,63.1,645,9.0,32.7
2025-12-10,10:55,26.6,57.8,403,19.1,35.7
2025-12-10,11:00,22.4,47.8,723,11.2,23.2
2025-12-10,11:05,21.3,65.7,652,0.4,41.8
2025-12-10,11:10,26.9,41.9,432,4.4,54.5
2025-12-10,11:15,20.8,43.8,692,7.3,59.7
2025-12-10,11:20,22.8,40.4,644,6.9,30.9
2025-12-10,11:25,20.5,53.3,417,7.3,23.0
2025-12-10,11:30,27.1,67.7,697,12.4,59.2
2025-12-10,11:35,26.5,40.6,231,0.5,49.3
2025-12-10,11:40,21.4,59.2,525,18.6,30.8
2025-12-10,11:45,21.2,61.5,697,11.9,58.2
2025-12-10,11:50,24.7,53.2,210,0.2,49.0
2025-12-10,11:55,26.2,61.0,389,17.2,52.1
2025-12-10,12:00,25.9,62.8,598,17.0,54.0
2025-12-10,12:05,28.5,56.0,272,14.6,39.4
2025-12-10,12:10,27.6,58.7,440,13.0,22.1
2025-12-10,12:15,26.8,50.7,546,2.4,42.0
2025-12-10,12:20,23.4,47.3,286,6.9,28.4
2025-12-10,12:25,29.2,45.9,494,15.0,50.0
2025-12-10,12:30,24.5,60.7,353,13.9,38.4
2025-12-10,12:35,26.2,62.1,696,19.5,28.2
2025-12-10,12:40,23.1,63.5,484,2.1,27.7
2025-12-10,12:45,22.9,40.7,515,18.8,21.6
2025-12-10,12:50,29.5,68.9,776,1.3,24.5
2025-12-10,12:55,22.7,57.3,604,6.1,36.6
2025-12-10,13:00,28.3,54.6,530,0.8,40.4
2025-12-10,13:05,24.1,43.2,245,8.4,46.0
2025-12-10,13:10,22.9,43.7,773,6.4,56.5
2025-12-10,13:15,29.6,61.3,309,14.4,32.5
2025-12-10,13:20,25.6,40.8,499,18.1,42.2
2025-12-10,13:25,27.7,64.1,246,15.3,25.9
2025-12-10,13:30,26.4,52.4,329,17.8,35.1
2025-12-10,13:35,27.1,59.1,415,5.3,57.7
2025-12-10,13:40,25.8,52.5,462,17.3,45.9
2025-12-10,13:45,27.5,59.4,563,16.9,34.2
2025-12-10,13:50,28.7,47.7,348,16.5,55.1
2025-12-10,13:55,26.6,53.7,645,13.5,23.8
2025-12-10,14:00,22.5,69.2,579,19.2,20.5
2025-12-10,14:05,26.8,65.7,645,15.5,36.1
2025-12-10,14:10,28.2,62.1,646,3.8,30.0
2025-12-10,14:15,25.7,59.9,477,19.5,29.2
2025-12-10,14:20,24.5,45.0,640,11.4,21.9
2025-12-10,14:25,23.1,65.1,508,11.2,26.8
2025-12-10,14:30,22.6,64.7,706,10.7,41.2
2025-12-10,14:35,23.0,60.3,658,12.4,55.3
2025-12-10,14:40,27.3,61.0,319,4.7,32.8
2025-12-10,14:45,20.2,68.3,423,8.0,57.9
2025-12-10,14:50,25.1,54.8,203,6.2,40.9
2025-12-10,14:55,23.6,63.7,672,8.8,43.2
2025-12-10,15:00,25.6,54.5,791,15.7,33.2
2025-12-10,15:05,25.9,56.2,614,8.2,23.8
2025-12-10,15:10,28.3,55.2,720,9.3,36.8
2025-12-10,15:15,21.8,65.4,727,2.3,23.8
2025-12-10,15:20,20.1,45.8,439,1.2,26.7
2025-12-10,15:25,23.0,47.1,214,2.1,23.1
2025-12-10,15:30,22.5,52.7,716,8.4,45.5
2025-12-10,15:35,28.6,55.2,383,1.9,24.2
2025-12-10,15:40,20.4,58.7,345,16.9,54.9
2025-12-10,15:45,22.9,66.2,461,7.2,59.2
2025-12-10,15:50,23.4,44.3,605,11.5,48.5
2025-12-10,15:55,24.2,50.0,664,13.5,27.5
2025-12-10,16:00,23.3,41.8,500,5.0,47.3
2025-12-10,16:05,24.8,47.0,784,0.6,22.9
2025-12-10,16:10,22.8,59.4,560,7.6,57.7
2025-12-10,16:15,27.3,63.9,531,8.8,30.0
2025-12-10,16:20,28.4,54.3,263,4.7,45.2
2025-12-10,16:25,27.4,43.2,271,11.4,56.4
2025-12-10,16:30,26.8,64.0,694,13.0,56.7
2025-12-10,16:35,24.8,69.9,634,18.2,58.0
2025-12-10,16:40,23.0,49.4,398,19.9,44.6
2025-12-10,16:45,23.2,44.5,767,12.7,55.6
2025-12-10,16:50,21.0,40.1,739,17.5,57.0
2025-12-10,16:55,22.0,60.1,540,4.7,36.1
2025-12-10,17:00,22.8,69.3,436,3.2,36.6
2025-12-10,17:05,23.3,63.0,360,7.9,42.0
2025-12-10,17:10,27.8,51.5,587,11.0,36.0
2025-12-10,17:15,28.7,63.5,204,13.0,29.6
2025-12-10,17:20,26.0,54.0,653,15.0,44.5
2025-12-10,17:25,28.4,61.6,550,16.3,24.3
2025-12-10,17:30,20.0,54.7,346,13.2,55.0
2025-12-10,17:35,24.9,60.3,349,1.9,22.0
2025-12-10,17:40,28.4,41.3,640,15.1,40.8
2025-12-10,17:45,22.4,64.7,644,19.6,56.7
2025-12-10,17:50,26.3,58.8,417,18.2,48.5
2025-12-10,17:55,20.7,65.5,383,19.8,22.1
2025-12-10,18:00,24.8,42.4,572,9.3,39.5
2025-12-10,18:05,25.9,44.0,608,18.9,28.8
2025-12-10,18:10,20.4,55.6,246,17.0,45.6
2025-12-10,18:15,29.5,56.0,231,15.1,59.3
2025-12-10,18:20,22.8,68.9,406,9.7,25.9
2025-12-10,18:25,21.0,43.0,495,15.3,52.6
2025-12-10,18:30,22.1,62.5,596,9.5,42.3
2025-12-10,18:35,27.4,60.1,523,16.1,57.9
2025-12-10,18:40,23.5,51.0,527,1.0,42.4
2025-12-10,18:45,28.1,67.1,732,7.3,22.8
2025-12-10,18:50,29.8,49.7,442,12.3,33.7
2025-12-10,18:55,25.9,62.5,445,19.1,42.9
2025-12-10,19:00,26.9,59.9,271,3.5,39.3
2025-12-10,19:05,29.1,42.7,471,7.6,37.7
2025-12-10,19:10,29.8,52.2,382,19.7,45.8
2025-12-10,19:15,23.7,47.5,371,11.3,34.8
2025-12-10,19:20,25.3,64.8,644,14.0,36.0
2025-12-10,19:25,25.3,57.4,709,0.6,31.9
2025-12-10,19:30,22.7,44.7,205,12.2,45.9
2025-12-10,19:35,23.0,64.9,745,1.7,59.9
2025-12-10,19:40,26.0,44.0,633,0.8,54.8
2025-12-10,19:45,22.2,56.8,711,19.9,47.8
2025-12-10,19:50,25.4,66.1,270,0.1,31.4
2025-12-10,19:55,20.6,69.5,790,3.8,24.9
2025-12-10,20:00,24.3,49.3,368,1.7,41.3
2025-12-10,20:05,26.1,55.5,332,5.5,27.1
2025-12-10,20:10,22.2,52.5,788,11.8,50.3
2025-12-10,20:15,26.4,43.0,538,10.9,35.1
2025-12-10,20:20,20.1,58.0,294,18.9,29.7
2025-12-10,20:25,21.8,47.0,701,4.9,43.6
2025-12-10,20:30,21.5,40.6,322,19.4,54.3
2025-12-10,20:35,28.7,62.5,627,13.9,42.8
2025-12-10,20:40,26.3,55.5,390,8.5,44.7
2025-12-10,20:45,24.0,64.4,219,2.3,44.6
2025-12-10,20:50,21.1,60.9,773,2.2,36.8
2025-12-10,20:55,25.1,64.4,565,1.3,46.3
2025-12-10,21:00,29.8,46.1,506,12.0,31.9
2025-12-10,21:05,25.2,63.6,658,2.0,48.4
2025-12-10,21:10,21.8,40.7,700,0.5,26.5
2025-12-10,21:15,22.6,69.8,331,16.3,32.0
2025-12-10,21:20,20.3,58.4,406,7.4,46.9
2025-12-10,21:25,24.4,60.2,384,13.9,25.2
2025-12-10,21:30,22.9,60.4,599,5.9,30.5
2025-12-10,21:35,24.1,47.6,276,17.6,27.3
2025-12-10,21:40,27.1,59.3,758,19.4,44.9
2025-12-10,21:45,26.5,45.9,728,10.3,47.1
2025-12-10,21:50,27.6,40.0,284,16.0,37.8
2025-12-10,21:55,27.4,67.0,582,13.9,23.9
2025-12-10,22:00,29.0,59.8,685,1.2,42.2
2025-12-10,22:05,26.1,66.1,320,11.5,54.6
2025-12-10,22:10,29.4,51.5,675,9.1,58.4
2025-12-10,22:15,20.2,46.2,493,2.9,59.8
2025-12-10,22:20,21.5,43.6,797,5.1,46.0
2025-12-10,22:25,25.6,41.0,356,15.5,36.0
2025-12-10,22:30,27.9,48.4,324,13.1,45.0
2025-12-10,22:35,27.1,54.7,289,19.0,54.9
2025-12-10,22:40,26.4,41.4,632,18.2,33.7
2025-12-10,22:45,21.5,43.6,683,16.6,25.6
2025-12-10,22:50,22.2,51.4,698,15.3,44.1
2025-12-10,22:55,21.8,51.4,707,5.7,39.8
2025-12-10,23:00,29.8,50.8,760,4.9,22.0
2025-12-10,23:05,29.9,65.9,428,12.6,29.9
2025-12-10,23:10,28.6,41.6,654,4.0,40.8
2025-12-10,23:15,20.6,41.7,395,14.7,56.4
2025-12-10,23:20,26.5,66.0,344,9.9,33.7
2025-12-10,23:25,28.6,58.6,220,10.4,37.5
2025-12-10,23:30,21.9,68.1,456,6.0,35.8
2025-12-10,23:35,22.4,59.9,717,6.6,46.5
2025-12-10,23:40,24.1,40.3,394,14.3,37.8
2025-12-10,23:45,22.3,46.3,753,12.7,49.5
2025-12-10,23:50,24.1,69.5,629,5.4,21.0
2025-12-10,23:55,23.2,44.1,755,14.6,48.3
2025-12-11,00:00,20.8,64.5,352,11.7,58.8
2025-12-11,00:05,24.5,65.8,555,4.4,21.4
2025-12-11,00:10,26.7,40.5,615,14.2,26.0
2025-12-11,00:15,26.1,61.9,213,19.9,34.8
2025-12-11,00:20,25.2,64.1,279,17.3,25.3
2025-12-11,00:25,21.5,47.6,303,15.8,34.7
2025-12-11,00:30,25.2,55.1,487,2.0,27.3
2025-12-11,00:35,21.5,47.9,604,4.5,25.2
2025-12-11,00:40,23.8,45.0,332,4.4,55.9
2025-12-11,00:45,27.2,47.1,417,7.7,29.9
2025-12-11,00:50,26.1,66.4,770,16.0,50.1
2025-12-11,00:55,23.2,44.2,476,5.0,36.3
2025-12-11,01:00,26.8,41.0,720,18.8,32.2
2025-12-11,01:05,22.3,56.8,270,6.2,23.4
2025-12-11,01:10,23.1,48.9,652,18.5,27.0
2025-12-11,01:15,25.7,43.8,351,18.1,48.8
2025-12-11,01:20,29.1,43.2,209,0.8,47.9
2025-12-11,01:25,23.9,63.2,670,17.9,59.6
2025-12-11,01:30,22.4,48.7,461,19.9,57.0
2025-12-11,01:35,22.7,51.9,631,17.2,59.1
2025-12-11,01:40,23.9,66.7,370,19.4,49.5
2025-12-11,01:45,28.8,54.2,622,6.5,29.3
2025-12-11,01:50,23.2,51.8,635,14.8,56.1
2025-12-11,01:55,20.8,42.2,350,5.2,42.2
2025-12-11,02:00,25.8,52.8,790,1.8,41.3
2025-12-11,02:05,22.1,61.6,558,8.2,21.1
2025-12-11,02:10,20.5,43.3,590,16.8,29.7
2025-12-11,02:15,22.1,58.5,376,16.3,21.6
2025-12-11,02:20,25.4,69.0,691,8.8,31.5
2025-12-11,02:25,24.7,60.9,533,3.7,49.4
2025-12-11,02:30,29.5,54.1,646,18.3,46.8
2025-12-11,02:35,26.2,43.9,632,17.5,54.6
2025-12-11,02:40,28.8,46.9,276,17.2,52.6
2025-12-11,02:45,28.2,40.6,241,4.1,55.0
2025-12-11,02:50,20.2,52.7,353,17.4,38.1
2025-12-11,02:55,21.6,56.0,521,19.4,49.6
2025-12-11,03:00,26.0,67.3,614,18.5,33.8
2025-12-11,03:05,27.1,53.2,386,6.3,21.0
2025-12-11,03:10,20.0,56.8,630,16.0,20.9
2025-12-11,03:15,26.6,44.2,216,6.2,54.4
2025-12-11,03:20,23.1,63.5,483,10.6,23.6
2025-12-11,03:25,24.5,45.2,489,5.0,28.6
2025-12-11,03:30,29.5,51.6,758,4.7,34.6
2025-12-11,03:35,23.8,40.0,491,1.2,54.0
2025-12-11,03:40,28.9,47.9,458,4.3,24.1
2025-12-11,03:45,21.7,44.6,710,4.3,26.2
2025-12-11,03:50,25.9,42.5,666,8.7,33.2
2025-12-11,03:55,23.3,63.3,577,16.6,46.9
2025-12-11,04:00,25.0,49.8,670,2.7,22.2
2025-12-11,04:05,24.5,59.4,491,11.7,57.9
2025-12-11,04:10,25.1,68.1,670,13.5,38.9
2025-12-11,04:15,25.8,47.1,623,18.6,25.8
2025-12-11,04:20,22.8,56.2,663,9.6,32.6
2025-12-11,04:25,20.2,57.6,500,18.5,59.9
2025-12-11,04:30,29.3,58.6,609,17.4,59.1
2025-12-11,04:35,24.0,47.4,238,4.8,30.3
2025-12-11,04:40,20.3,59.1,466,1.1,36.2
2025-12-11,04:45,29.2,63.1,467,4.3,51.6
2025-12-11,04:50,20.7,66.4,442,0.1,40.4
2025-12-11,04:55,20.3,52.6,699,7.0,58.7
2025-12-11,05:00,21.0,52.8,727,15.3,23.8
2025-12-11,05:05,24.6,56.4,387,1.3,48.9
2025-12-11,05:10,21.8,59.3,445,0.1,39.7
2025-12-11,05:15,24.0,68.6,659,13.4,45.1
2025-12-11,05:20,25.8,54.2,642,10.2,36.7
2025-12-11,05:25,28.9,64.7,784,2.3,27.5
2025-12-11,05:30,26.2,59.6,354,13.7,30.9
2025-12-11,05:35,20.4,48.1,290,10.9,20.8
2025-12-11,05:40,27.3,49.9,381,6.3,39.0
2025-12-11,05:45,24.5,58.0,263,2.0,34.0
2025-12-11,05:50,21.0,44.1,441,9.4,54.3
2025-12-11,05:55,25.8,43.2,760,5.5,47.3
2025-12-11,06:00,26.2,40.5,666,13.7,37.6
2025-12-11,06:05,27.3,48.0,352,17.0,45.5
2025-12-11,06:10,25.7,46.1,746,8.1,30.6
2025-12-11,06:15,27.0,51.0,588,18.4,42.4
2025-12-11,06:20,25.6,46.1,504,16.3,45.3
2025-12-11,06:25,23.3,45.8,345,10.7,44.2
2025-12-11,06:30,21.9,43.6,632,19.0,28.9
2025-12-11,06:35,20.7,57.7,704,19.6,30.9
2025-12-11,06:40,28.1,66.0,306,3.0,41.4
2025-12-11,06:45,22.1,48.3,698,13.5,38.2
2025-12-11,06:50,27.5,51.7,354,14.0,30.5
2025-12-11,06:55,24.0,60.7,220,19.0,29.1
2025-12-11,07:00,23.4,62.9,208,13.3,46.8
2025-12-11,07:05,26.3,41.2,764,15.6,45.7
2025-12-11,07:10,25.3,64.2,482,5.8,58.7
2025-12-11,07:15,21.7,50.5,517,1.3,26.0
2025-12-11,07:20,24.0,47.5,365,1.4,49.2
2025-12-11,07:25,23.3,43.0,438,15.1,56.5
2025-12-11,07:30,20.5,51.2,652,17.2,58.3
2025-12-11,07:35,25.4,69.7,518,8.1,25.2
2025-12-11,07:40,20.3,47.4,374,17.0,28.8
2025-12-11,07:45,21.9,42.3,606,13.3,24.1
2025-12-11,07:50,27.4,45.9,785,1.3,30.5
2025-12-11,07:55,28.1,55.2,629,17.0,57.7
2025-12-11,08:00,28.7,65.4,771,6.6,25.4
2025-12-11,08:05,20.8,57.0,500,6.7,49.6
2025-12-11,08:10,21.8,60.4,359,3.9,34.5
2025-12-11,08:15,23.7,55.7,424,9.8,35.1
2025-12-11,08:20,27.9,66.4,414,13.2,55.2
2025-12-11,08:25,23.4,69.8,746,15.1,23.3
2025-12-11,08:30,25.5,59.9,734,15.0,55.4
2025-12-11,08:35,29.0,60.0,524,18.7,27.6
2025-12-11,08:40,23.4,67.6,238,1.9,38.6
2025-12-11,08:45,25.0,49.3,281,12.0,22.8
2025-12-11,08:50,27.5,51.3,448,13.5,34.6
2025-12-11,08:55,27.3,41.8,558,14.7,58.0
2025-12-11,09:00,29.8,61.6,442,10.4,30.9
2025-12-11,09:05,20.2,58.9,572,11.0,36.4
2025-12-11,09:10,29.5,60.9,218,8.4,33.8
2025-12-11,09:15,26.0,49.7,404,17.0,46.4
2025-12-11,09:20,20.6,55.6,271,1.5,27.8
2025-12-11,09:25,29.4,68.7,530,17.9,57.3
2025-12-11,09:30,22.9,41.8,728,15.8,35.1
2025-12-11,09:35,28.8,59.7,246,11.6,44.4
2025-12-11,09:40,26.6,66.9,739,7.0,34.9
2025-12-11,09:45,23.2,42.1,773,19.6,33.6
2025-12-11,09:50,21.4,68.9,543,17.6,47.0
2025-12-11,09:55,28.4,45.5,557,7.6,24.6
2025-12-11,10:00,23.0,43.0,319,12.7,53.7
2025-12-11,10:05,22.1,50.7,664,9.8,39.1
2025-12-11,10:10,25.8,48.1,286,1.8,28.2
2025-12-11,10:15,22.8,57.3,540,6.9,39.8
2025-12-11,10:20,28.8,63.4,567,19.7,35.1
2025-12-11,10:25,23.2,52.4,517,2.3,29.7
2025-12-11,10:30,28.1,41.1,654,5.2,39.7
2025-12-11,10:35,24.2,51.8,531,1.0,54.9
2025-12-11,10:40,28.5,69.1,323,4.4,59.2
2025-12-11,10:45,26.2,61.6,393,8.2,52.2
2025-12-11,10:50,26.7,66.4,655,1.0,29.4
2025-12-11,10:55,26.0,50.1,564,18.8,45.4
2025-12-11,11:00,26.3,42.9,321,2.2,52.7
2025-12-11,11:05,29.8,58.3,780,8.2,38.3
2025-12-11,11:10,27.9,55.4,493,9.6,51.9
2025-12-11,11:15,22.5,61.1,680,18.5,42.8
2025-12-11,11:20,21.6,47.8,523,17.2,43.3
2025-12-11,11:25,20.9,62.9,321,2.2,40.5
2025-12-11,11:30,29.4,67.8,691,12.7,58.5
2025-12-11,11:35,28.0,63.7,238,2.8,34.4
2025-12-11,11:40,21.4,59.1,228,18.9,43.6
2025-12-11,11:45,25.8,44.2,336,16.3,26.6
2025-12-11,11:50,28.0,65.0,415,9.2,25.4
2025-12-11,11:55,23.7,60.0,459,16.9,50.3
2025-12-11,12:00,25.5,58.0,644,17.3,53.9
2025-12-11,12:05,26.3,41.8,580,16.2,58.8
2025-12-11,12:10,28.6,55.6,208,8.9,43.5
2025-12-11,12:15,23.8,65.7,203,15.3,29.9
2025-12-11,12:20,23.2,42.1,743,3.9,52.7
2025-12-11,12:25,21.0,48.7,284,9.2,55.2
2025-12-11,12:30,24.9,64.0,404,9.0,29.8
2025-12-11,12:35,26.0,52.4,736,6.0,57.1
2025-12-11,12:40,23.7,60.1,643,12.4,49.7
2025-12-11,12:45,25.6,48.4,666,6.8,37.4
2025-12-11,12:50,21.5,57.3,550,9.8,53.2
2025-12-11,12:55,21.4,51.7,209,16.2,38.4
2025-12-11,13:00,25.5,41.9,618,11.9,40.7
2025-12-11,13:05,23.2,44.8,567,10.7,44.5
2025-12-11,13:10,23.1,64.4,447,15.2,58.2
2025-12-11,13:15,20.9,64.9,258,8.3,28.1
2025-12-11,13:20,26.3,67.0,699,19.6,35.7
2025-12-11,13:25,27.3,47.3,654,15.9,28.9
2025-12-11,13:30,24.4,40.5,699,1.6,23.8
2025-12-11,13:35,29.5,53.1,350,9.0,23.2
2025-12-11,13:40,28.2,53.6,373,17.1,48.4
2025-12-11,13:45,24.5,57.6,598,2.3,44.3
2025-12-11,13:50,21.4,47.6,531,9.3,22.9
2025-12-11,13:55,29.2,59.7,745,15.0,25.1
2025-12-11,14:00,22.2,68.2,228,2.5,27.8
2025-12-11,14:05,29.6,46.1,743,1.0,26.0
2025-12-11,14:10,29.9,41.2,646,2.2,52.3
2025-12-11,14:15,20.4,49.1,292,7.5,42.0
2025-12-11,14:20,26.3,53.2,400,1.7,41.4
2025-12-11,14:25,29.3,69.3,650,5.6,44.3
2025-12-11,14:30,22.6,59.8,595,8.7,31.3
2025-12-11,14:35,23.0,52.7,551,19.0,30.9
2025-12-11,14:40,28.9,51.2,408,11.7,57.0
2025-12-11,14:45,28.7,61.2,322,13.4,41.4
2025-12-11,14:50,26.1,68.7,536,7.5,36.2
2025-12-11,14:55,23.7,54.2,512,12.8,51.3
2025-12-11,15:00,20.0,61.7,445,9.1,59.6
2025-12-11,15:05,21.5,56.9,681,9.2,49.5
2025-12-11,15:10,24.2,65.1,747,3.7,48.3
2025-12-11,15:15,25.5,57.9,464,0.9,33.7
2025-12-11,15:20,24.3,40.7,323,19.3,30.4
2025-12-11,15:25,21.0,40.2,356,14.2,44.6
2025-12-11,15:30,29.5,52.6,558,11.4,28.8
2025-12-11,15:35,24.9,49.9,551,7.4,20.9
2025-12-11,15:40,25.7,69.5,523,8.8,53.6
2025-12-11,15:45,26.8,45.2,683,13.9,43.3
2025-12-11,15:50,21.9,44.9,263,17.5,38.5
2025-12-11,15:55,27.1,50.0,463,8.6,38.3
2025-12-11,16:00,24.7,52.1,796,1.0,27.8
2025-12-11,16:05,26.8,58.3,775,14.3,25.2
2025-12-11,16:10,26.7,66.0,315,5.9,22.4
2025-12-11,16:15,24.8,68.1,425,1.5,27.8
2025-12-11,16:20,26.4,44.0,507,11.8,59.7
2025-12-11,16:25,22.3,66.2,494,13.4,53.3
2025-12-11,16:30,27.5,54.7,340,19.4,27.9
2025-12-11,16:35,24.4,66.0,355,3.1,32.9
2025-12-11,16:40,24.5,47.2,718,11.3,45.2
2025-12-11,16:45,21.4,47.8,444,2.0,45.3
2025-12-11,16:50,25.0,58.9,767,4.5,54.4
2025-12-11,16:55,26.3,43.6,397,9.6,28.9
2025-12-11,17:00,25.6,63.5,549,1.0,24.6
2025-12-11,17:05,24.5,43.3,746,0.5,32.6
2025-12-11,17:10,21.0,47.1,671,11.9,40.4
2025-12-11,17:15,22.7,67.5,685,11.8,36.1
2025-12-11,17:20,29.8,44.3,574,16.8,37.1
2025-12-11,17:25,26.6,54.1,443,2.4,30.4
2025-12-11,17:30,23.8,65.0,359,1.8,48.4
2025-12-11,17:35,25.4,63.0,573,1.9,21.2
2025-12-11,17:40,27.2,49.1,575,9.3,38.6
2025-12-11,17:45,23.7,41.0,412,13.8,22.9
2025-12-11,17:50,24.1,64.0,204,16.6,41.7
2025-12-11,17:55,23.5,69.4,759,15.6,34.6
2025-12-11,18:00,23.3,68.8,535,11.7,41.8
2025-12-11,18:05,25.3,46.5,617,0.8,26.8
2025-12-11,18:10,24.7,62.2,776,14.9,59.7
2025-12-11,18:15,26.3,50.0,323,6.6,27.1
2025-12-11,18:20,22.8,68.7,399,3.9,36.8
2025-12-11,18:25,20.6,48.5,581,14.1,54.1
2025-12-11,18:30,29.8,51.6,743,16.5,29.4
2025-12-11,18:35,29.6,57.9,725,8.9,51.4
2025-12-11,18:40,27.3,66.1,302,11.8,49.3
2025-12-11,18:45,26.5,42.8,305,0.2,43.6
2025-12-11,18:50,26.8,57.0,764,0.7,59.1
2025-12-11,18:55,23.7,50.3,755,9.2,29.2
2025-12-11,19:00,22.8,69.0,257,7.6,37.8
2025-12-11,19:05,23.0,40.9,730,16.4,49.7
2025-12-11,19:10,23.3,61.6,452,8.6,59.1
2025-12-11,19:15,27.0,64.4,240,12.7,39.2
2025-12-11,19:20,20.0,40.9,713,14.5,47.5
2025-12-11,19:25,24.2,50.9,510,18.9,27.3
2025-12-11,19:30,24.0,54.7,567,3.2,36.0
2025-12-11,19:35,25.9,60.3,585,4.6,47.9
2025-12-11,19:40,26.5,44.0,358,12.3,26.3
2025-12-11,19:45,29.8,70.0,597,9.7,38.0
2025-12-11,19:50,27.7,64.7,217,11.8,53.7
2025-12-11,19:55,20.9,44.3,437,18.8,50.8
2025-12-11,20:00,23.6,56.2,495,1.2,42.8
2025-12-11,20:05,20.2,42.2,660,11.0,47.4
2025-12-11,20:10,27.7,47.1,609,17.9,33.8
2025-12-11,20:15,22.6,57.5,769,15.8,50.1
2025-12-11,20:20,21.1,67.8,324,19.5,40.9
2025-12-11,20:25,20.8,68.8,289,14.5,57.0
2025-12-11,20:30,20.5,47.1,555,14.3,41.8
2025-12-11,20:35,21.6,64.3,237,11.7,49.4
2025-12-11,20:40,27.3,53.4,713,8.1,42.1
2025-12-11,20:45,20.2,41.9,566,13.4,48.2
2025-12-11,20:50,27.7,50.8,458,10.5,52.4
2025-12-11,20:55,26.6,51.3,766,4.7,52.6
2025-12-11,21:00,28.1,46.9,704,10.2,25.4
2025-12-11,21:05,23.5,69.1,566,7.0,57.2
2025-12-11,21:10,25.0,68.3,678,7.0,25.8
2025-12-11,21:15,20.1,40.9,292,19.9,53.8
2025-12-11,21:20,27.5,52.3,543,2.1,30.6
2025-12-11,21:25,20.1,59.5,480,13.3,59.6
2025-12-11,21:30,22.9,67.9,570,5.7,35.5
2025-12-11,21:35,25.9,46.5,356,9.7,30.5
2025-12-11,21:40,22.6,55.3,364,7.8,54.0
2025-12-11,21:45,23.9,58.4,731,4.0,44.9
2025-12-11,21:50,20.7,69.6,551,2.3,45.9
2025-12-11,21:55,24.0,69.9,575,16.0,22.2
2025-12-11,22:00,29.5,42.4,574,13.2,50.1
2025-12-11,22:05,27.4,42.0,800,8.9,50.9
2025-12-11,22:10,20.9,54.7,246,14.7,31.5
2025-12-11,22:15,29.5,55.1,523,17.9,37.4
2025-12-11,22:20,23.9,56.3,218,5.5,57.8
2025-12-11,22:25,23.8,57.2,428,15.2,46.1
2025-12-11,22:30,29.5,60.4,463,19.6,58.2
2025-12-11,22:35,23.1,56.2,521,14.8,49.4
2025-12-11,22:40,26.3,61.6,328,4.7,25.8
2025-12-11,22:45,25.8,47.6,214,15.8,26.2
2025-12-11,22:50,23.1,56.4,378,7.9,35.3
2025-12-11,22:55,23.5,48.0,495,18.9,56.8
2025-12-11,23:00,22.8,46.5,556,7.5,37.5
2025-12-11,23:05,20.9,43.4,215,8.9,56.0
2025-12-11,23:10,24.4,67.8,605,19.4,24.4
2025-12-11,23:15,22.8,55.4,306,7.9,56.7
2025-12-11,23:20,21.8,61.4,403,19.0,58.5
2025-12-11,23:25,28.9,43.0,534,12.6,28.2
2025-12-11,23:30,26.4,69.5,567,0.9,30.7
2025-12-11,23:35,21.0,45.8,760,6.2,55.8
2025-12-11,23:40,25.7,42.3,585,8.3,45.0
2025-12-11,23:45,22.8,56.6,446,16.0,34.6
2025-12-11,23:50,29.9,45.7,599,12.6,41.2
2025-12-11,23:55,28.1,54.0,298,9.8,41.8
2025-12-12,00:00,28.5,69.2,691,12.5,30.2
2025-12-12,00:05,20.5,54.4,220,11.6,59.9
2025-12-12,00:10,26.3,44.9,758,7.6,49.4
2025-12-12,00:15,24.8,45.7,304,13.6,23.1
2025-12-12,00:20,28.7,67.0,343,1.3,32.8
2025-12-12,00:25,21.4,62.0,696,8.8,48.9
2025-12-12,00:30,27.9,48.5,209,10.3,58.9
2025-12-12,00:35,22.6,51.5,751,2.0,25.8
2025-12-12,00:40,20.8,53.3,464,10.7,58.1
2025-12-12,00:45,23.1,61.0,532,2.6,46.3
2025-12-12,00:50,25.9,69.0,794,19.1,39.7
2025-12-12,00:55,20.9,62.2,653,13.8,20.3
2025-12-12,01:00,26.3,46.6,714,15.4,41.1
2025-12-12,01:05,20.5,41.8,388,4.0,58.8
2025-12-12,01:10,26.8,68.5,735,17.6,32.7
2025-12-12,01:15,20.4,56.9,403,5.8,24.1
2025-12-12,01:20,22.3,66.4,505,15.1,24.2
2025-12-12,01:25,27.2,40.8,613,15.7,41.9
2025-12-12,01:30,23.7,56.4,798,7.1,57.1
2025-12-12,01:35,29.6,67.9,368,4.0,53.6
2025-12-12,01:40,28.7,55.3,368,2.6,55.0
2025-12-12,01:45,29.3,67.0,236,12.3,42.8
2025-12-12,01:50,28.4,41.9,208,0.2,51.1
2025-12-12,01:55,26.9,64.7,619,14.0,52.6
2025-12-12,02:00,23.9,51.3,634,10.3,53.2
2025-12-12,02:05,22.1,50.3,742,12.1,30.0
2025-12-12,02:10,26.0,59.4,772,0.5,32.3
2025-12-12,02:15,28.7,48.0,251,12.0,26.3
2025-12-12,02:20,28.9,55.8,488,11.3,35.8
2025-12-12,02:25,29.3,55.0,666,10.0,35.6
2025-12-12,02:30,26.5,49.0,333,13.5,55.0
2025-12-12,02:35,25.8,58.6,505,14.0,49.7
2025-12-12,02:40,28.1,47.0,594,8.3,54.2
2025-12-12,02:45,27.2,68.9,502,15.0,53.5
2025-12-12,02:50,29.4,46.5,494,10.8,40.5
2025-12-12,02:55,23.6,40.2,542,3.1,39.9
2025-12-12,03:00,26.7,64.4,362,11.5,49.4
2025-12-12,03:05,21.3,50.7,327,11.9,55.1
2025-12-12,03:10,20.3,65.1,427,11.8,36.8
2025-12-12,03:15,22.3,68.4,672,5.7,32.2
2025-12-12,03:20,20.3,51.3,249,2.9,30.7
2025-12-12,03:25,28.1,42.4,462,5.3,29.9
2025-12-12,03:30,23.9,55.4,436,15.4,52.9
2025-12-12,03:35,25.7,58.5,499,13.5,31.8
2025-12-12,03:40,21.5,44.0,278,2.9,24.4
2025-12-12,03:45,29.6,58.0,490,0.7,40.1
2025-12-12,03:50,28.1,68.8,274,15.5,23.2
2025-12-12,03:55,25.8,53.9,411,3.3,40.5
2025-12-12,04:00,20.5,64.1,206,7.5,33.3
2025-12-12,04:05,20.6,60.9,733,3.5,24.2
2025-12-12,04:10,21.7,53.0,321,8.1,41.8
2025-12-12,04:15,23.3,57.1,726,16.6,37.3
2025-12-12,04:20,27.3,40.3,611,5.8,40.7
2025-12-12,04:25,24.8,55.8,203,5.8,32.9
2025-12-12,04:30,24.3,50.0,373,5.0,58.7
2025-12-12,04:35,25.8,40.6,433,14.8,56.0
2025-12-12,04:40,23.0,44.8,219,7.6,29.8
2025-12-12,04:45,25.6,59.9,560,3.7,29.2
2025-12-12,04:50,20.9,57.2,728,16.8,51.5
2025-12-12,04:55,21.9,67.5,418,14.3,44.0
2025-12-12,05:00,21.2,43.1,214,9.9,35.3
2025-12-12,05:05,22.3,53.7,779,15.6,35.7
2025-12-12,05:10,28.5,52.5,633,5.8,29.8
2025-12-12,05:15,27.4,45.3,535,16.7,30.5
2025-12-12,05:20,26.0,43.4,393,5.4,27.1
2025-12-12,05:25,21.8,67.8,679,16.1,54.0
2025-12-12,05:30,22.7,55.3,230,16.1,41.7
2025-12-12,05:35,25.6,45.6,684,16.6,59.1
2025-12-12,05:40,28.7,68.9,516,12.1,49.1
2025-12-12,05:45,29.3,59.6,496,5.9,28.2
2025-12-12,05:50,22.3,46.9,752,2.2,21.4
2025-12-12,05:55,25.1,64.8,651,8.7,52.7
2025-12-12,06:00,23.5,68.1,717,2.2,37.7
2025-12-12,06:05,20.5,55.2,249,9.3,20.3
2025-12-12,06:10,28.1,49.6,273,19.2,28.0
2025-12-12,06:15,30.0,49.8,592,1.6,49.9
2025-12-12,06:20,20.2,69.2,772,7.8,28.3
2025-12-12,06:25,29.3,67.5,411,17.1,22.2
2025-12-12,06:30,29.0,45.6,453,10.3,20.7
2025-12-12,06:35,23.1,46.6,455,8.7,32.2
2025-12-12,06:40,23.8,59.5,685,19.8,33.4
2025-12-12,06:45,28.4,65.5,734,11.4,23.4
2025-12-12,06:50,29.9,61.2,337,1.1,52.2
2025-12-12,06:55,24.8,47.6,268,0.9,31.7
2025-12-12,07:00,26.1,48.8,483,17.5,46.9
2025-12-12,07:05,20.0,68.7,428,14.7,49.4
2025-12-12,07:10,21.7,45.8,200,6.6,32.6
2025-12-12,07:15,20.9,65.1,362,12.2,52.4
2025-12-12,07:20,21.7,41.7,325,3.5,58.5
2025-12-12,07:25,21.7,62.6,689,12.9,42.4
2025-12-12,07:30,29.7,50.2,752,14.0,42.6
2025-12-12,07:35,23.2,67.2,435,18.9,45.6
2025-12-12,07:40,21.4,47.0,200,3.7,50.5
2025-12-12,07:45,21.9,48.3,369,19.3,58.2
2025-12-12,07:50,22.7,60.0,597,2.5,52.1
2025-12-12,07:55,29.6,46.0,404,13.0,42.4
2025-12-12,08:00,25.9,64.9,664,19.5,32.9
2025-12-12,08:05,24.2,61.9,227,11.9,57.9
2025-12-12,08:10,26.6,43.0,675,0.5,25.3
2025-12-12,08:15,24.7,69.3,369,9.0,36.6
2025-12-12,08:20,26.0,57.8,773,10.7,30.1
2025-12-12,08:25,22.1,69.0,730,4.8,41.2
2025-12-12,08:30,23.3,41.8,361,18.1,42.6
2025-12-12,08:35,22.9,41.1,789,7.4,23.6
2025-12-12,08:40,20.0,69.1,783,7.0,56.3
2025-12-12,08:45,23.8,44.7,377,14.6,49.4
2025-12-12,08:50,24.9,45.2,329,12.7,21.8
2025-12-12,08:55,21.5,45.7,685,0.6,51.9
2025-12-12,09:00,29.3,45.6,795,19.6,57.0
2025-12-12,09:05,25.4,43.5,723,9.8,53.5
2025-12-12,09:10,20.8,45.6,259,7.6,36.7
2025-12-12,09:15,21.6,46.1,789,11.1,37.1
2025-12-12,09:20,29.1,68.2,495,3.1,39.1
2025-12-12,09:25,21.8,50.4,764,9.6,46.0
2025-12-12,09:30,21.7,59.2,221,16.7,54.2
2025-12-12,09:35,24.0,62.2,276,11.9,40.5
2025-12-12,09:40,29.4,47.9,464,6.7,57.6
2025-12-12,09:45,20.9,46.0,577,7.8,33.3
2025-12-12,09:50,22.4,41.1,316,18.4,42.9
2025-12-12,09:55,22.0,43.4,563,17.1,40.3
2025-12-12,10:00,24.0,52.8,418,15.1,34.9
2025-12-12,10:05,25.5,49.3,211,11.3,38.8
2025-12-12,10:10,23.3,67.5,518,12.3,23.5
2025-12-12,10:15,25.3,41.4,596,18.7,32.4
2025-12-12,10:20,26.0,57.6,269,18.1,43.8
2025-12-12,10:25,24.4,51.3,498,15.9,53.4
2025-12-12,10:30,20.6,65.4,627,11.5,45.4
2025-12-12,10:35,20.9,64.7,386,5.4,57.4
2025-12-12,10:40,29.3,59.9,298,0.2,50.8
2025-12-12,10:45,28.1,59.0,754,13.4,22.1
2025-12-12,10:50,27.4,65.4,321,12.5,56.2
2025-12-12,10:55,27.9,57.3,709,4.0,52.3
2025-12-12,11:00,23.7,67.7,494,18.6,58.0
2025-12-12,11:05,27.7,45.4,615,0.5,50.9
2025-12-12,11:10,24.8,68.1,774,8.3,50.7
2025-12-12,11:15,24.1,63.8,499,4.7,25.1
2025-12-12,11:20,25.9,51.5,231,19.9,37.7
2025-12-12,11:25,28.5,64.8,675,6.9,40.4
2025-12-12,11:30,29.2,50.5,454,2.0,46.9
2025-12-12,11:35,28.1,57.2,275,1.2,57.7
2025-12-12,11:40,22.1,66.9,461,10.8,52.0
2025-12-12,11:45,27.7,57.3,793,9.6,31.2
2025-12-12,11:50,22.5,65.0,770,6.3,26.0
2025-12-12,11:55,21.1,50.2,534,16.9,39.7
2025-12-12,12:00,24.8,42.0,444,3.3,56.2
2025-12-12,12:05,29.8,53.4,346,9.4,30.9
2025-12-12,12:10,28.2,56.3,298,17.0,27.2
2025-12-12,12:15,26.8,44.2,681,7.7,49.3
2025-12-12,12:20,24.7,53.6,792,18.8,32.2
2025-12-12,12:25,28.0,59.8,218,10.3,59.3
2025-12-12,12:30,23.8,63.5,671,5.6,44.1
2025-12-12,12:35,23.3,59.3,792,6.8,43.8
2025-12-12,12:40,26.8,41.0,358,6.7,46.8
2025-12-12,12:45,28.6,68.1,279,9.9,53.2
2025-12-12,12:50,21.6,46.0,209,10.1,43.7
2025-12-12,12:55,24.2,70.0,419,11.6,24.9
2025-12-12,13:00,22.8,59.4,364,8.4,21.9
2025-12-12,13:05,24.7,58.9,649,6.0,43.2
2025-12-12,13:10,24.3,47.9,657,4.8,31.1
2025-12-12,13:15,29.0,40.5,370,6.3,26.5
2025-12-12,13:20,25.5,58.2,211,19.7,40.3
2025-12-12,13:25,24.1,52.2,682,19.7,56.1
2025-12-12,13:30,25.8,67.7,660,2.0,44.9
2025-12-12,13:35,22.2,58.5,521,3.9,35.2
2025-12-12,13:40,23.0,45.2,357,18.9,45.5
2025-12-12,13:45,22.8,57.1,518,5.4,54.6
2025-12-12,13:50,29.6,62.6,647,7.9,51.0
2025-12-12,13:55,28.1,52.3,727,5.2,24.9
2025-12-12,14:00,25.9,47.6,454,3.5,41.5
2025-12-12,14:05,28.4,43.6,319,2.9,32.4
2025-12-12,14:10,24.1,69.8,581,12.7,57.4
2025-12-12,14:15,25.7,67.9,240,16.6,45.5
2025-12-12,14:20,25.4,43.7,294,9.7,26.9
2025-12-12,14:25,28.2,58.3,538,8.9,55.5
2025-12-12,14:30,29.1,55.4,238,16.9,59.2
2025-12-12,14:35,26.4,47.8,377,3.2,57.7
2025-12-12,14:40,20.7,45.5,504,9.8,58.4
2025-12-12,14:45,25.2,51.9,538,10.1,21.2
2025-12-12,14:50,25.8,61.3,433,0.3,35.8
2025-12-12,14:55,24.0,67.8,578,6.4,37.5
2025-12-12,15:00,24.6,49.3,243,17.7,34.0
2025-12-12,15:05,25.7,64.7,746,19.8,34.1
2025-12-12,15:10,26.5,41.8,672,3.9,31.1
2025-12-12,15:15,25.6,62.6,229,13.8,51.3
2025-12-12,15:20,29.0,63.5,688,1.6,48.7
2025-12-12,15:25,27.1,54.3,777,8.8,25.2
2025-12-12,15:30,28.4,57.4,353,6.7,48.5
2025-12-12,15:35,22.1,61.8,508,17.4,48.7
2025-12-12,15:40,26.9,56.0,711,18.3,43.7
2025-12-12,15:45,22.7,55.7,246,10.0,45.8
2025-12-12,15:50,27.0,50.7,677,0.8,25.0
2025-12-12,15:55,27.5,54.3,269,9.2,53.2
2025-12-12,16:00,29.3,64.4,564,14.1,27.9
2025-12-12,16:05,21.6,53.1,394,1.8,25.8
2025-12-12,16:10,26.2,66.2,332,10.4,28.6
2025-12-12,16:15,26.1,44.5,455,14.9,39.8
2025-12-12,16:20,22.4,63.3,769,3.5,29.1
2025-12-12,16:25,27.6,43.1,528,12.6,29.7
2025-12-12,16:30,25.3,53.3,557,2.1,31.7
2025-12-12,16:35,27.6,46.2,645,6.1,27.2
2025-12-12,16:40,27.7,63.1,597,4.7,28.1
2025-12-12,16:45,27.0,46.9,214,2.4,37.2
2025-12-12,16:50,26.4,67.2,236,16.4,21.8
2025-12-12,16:55,26.6,52.3,630,9.2,56.7
2025-12-12,17:00,26.4,53.4,369,3.6,46.8
2025-12-12,17:05,27.8,55.2,455,14.4,29.5
2025-12-12,17:10,28.8,58.9,743,5.3,48.3
2025-12-12,17:15,28.8,51.7,384,14.6,22.4
2025-12-12,17:20,23.9,53.1,774,8.6,29.0
2025-12-12,17:25,20.4,48.9,733,12.9,56.3
2025-12-12,17:30,26.7,69.1,443,11.1,20.9
2025-12-12,17:35,26.8,52.4,685,2.3,56.7
2025-12-12,17:40,26.3,55.4,607,4.5,41.9
2025-12-12,17:45,27.3,64.5,305,11.6,55.8
2025-12-12,17:50,25.9,40.5,229,7.6,36.0
2025-12-12,17:55,25.4,55.9,317,17.0,52.3
2025-12-12,18:00,26.7,43.2,611,5.9,53.5
2025-12-12,18:05,23.1,48.8,208,18.2,38.5
2025-12-12,18:10,25.5,64.4,388,17.4,55.5
2025-12-12,18:15,22.4,52.4,706,10.3,40.6
2025-12-12,18:20,28.1,52.9,781,6.4,56.3
2025-12-12,18:25,27.0,54.8,498,2.9,36.1
2025-12-12,18:30,20.5,61.6,279,3.4,27.2
2025-12-12,18:35,27.1,48.1,549,12.8,53.7
2025-12-12,18:40,22.2,51.7,639,5.8,52.8
2025-12-12,18:45,25.0,68.8,602,0.5,38.9
2025-12-12,18:50,21.1,68.9,288,16.5,25.3
2025-12-12,18:55,25.4,47.0,386,17.2,50.0
2025-12-12,19:00,23.8,46.9,394,18.3,39.8
2025-12-12,19:05,20.2,60.0,343,9.0,28.5
2025-12-12,19:10,23.6,58.7,212,2.9,43.4
2025-12-12,19:15,27.0,44.5,401,8.2,39.8
2025-12-12,19:20,26.2,61.4,332,16.2,59.5
2025-12-12,19:25,26.9,46.9,687,12.8,47.8
2025-12-12,19:30,21.4,60.7,289,9.7,29.3
2025-12-12,19:35,25.6,57.4,251,9.2,21.7
2025-12-12,19:40,28.7,65.5,754,18.6,22.7
2025-12-12,19:45,21.6,66.0,507,6.5,22.0
2025-12-12,19:50,28.5,67.2,564,1.2,35.2
2025-12-12,19:55,29.5,45.2,544,19.1,54.0
2025-12-12,20:00,29.7,44.5,691,6.6,39.4
2025-12-12,20:05,28.7,42.5,392,12.0,53.1
2025-12-12,20:10,28.3,63.7,428,12.4,28.8
2025-12-12,20:15,21.8,52.1,590,16.0,25.4
2025-12-12,20:20,21.3,63.8,363,15.6,26.1
2025-12-12,20:25,27.8,52.2,720,18.4,44.0
2025-12-12,20:30,24.3,53.5,444,5.5,38.1
2025-12-12,20:35,28.8,52.4,482,6.9,54.1
2025-12-12,20:40,21.2,68.9,370,8.4,55.1
2025-12-12,20:45,23.0,69.4,407,8.9,28.1
2025-12-12,20:50,27.3,61.0,346,11.5,33.8
2025-12-12,20:55,29.9,41.4,367,18.5,38.9
2025-12-12,21:00,27.7,53.9,738,17.3,56.5
2025-12-12,21:05,25.2,44.3,488,13.5,54.2
2025-12-12,21:10,22.1,67.6,757,0.5,34.6
2025-12-12,21:15,28.6,66.9,487,14.0,25.5
2025-12-12,21:20,26.6,43.2,617,9.7,36.0
2025-12-12,21:25,27.9,47.8,573,16.4,45.7
2025-12-12,21:30,28.8,64.5,287,4.9,56.2
2025-12-12,21:35,20.8,61.7,709,5.8,31.3
2025-12-12,21:40,28.7,47.4,791,18.3,28.2
2025-12-12,21:45,26.0,54.1,718,3.3,48.2
2025-12-12,21:50,28.0,61.9,209,2.3,40.6
2025-12-12,21:55,26.1,51.6,586,13.3,45.7
2025-12-12,22:00,25.2,66.4,445,12.0,51.3
2025-12-12,22:05,23.9,48.8,734,16.2,45.0
2025-12-12,22:10,29.1,42.4,548,0.4,44.6
2025-12-12,22:15,27.8,47.8,406,12.4,44.1
2025-12-12,22:20,26.6,48.3,227,17.1,56.1
2025-12-12,22:25,23.7,51.6,244,3.7,52.0
2025-12-12,22:30,24.0,48.7,678,13.1,45.1
2025-12-12,22:35,21.1,42.9,265,7.9,44.7
2025-12-12,22:40,29.2,42.8,447,17.4,33.2
2025-12-12,22:45,21.3,40.2,353,14.7,23.2
2025-12-12,22:50,24.4,65.5,344,11.6,48.3
2025-12-12,22:55,28.4,44.5,603,0.5,48.5
2025-12-12,23:00,22.0,61.5,396,10.4,53.7
2025-12-12,23:05,22.5,40.7,659,6.6,54.7
2025-12-12,23:10,26.4,55.2,270,5.7,50.8
2025-12-12,23:15,22.9,44.9,437,11.3,42.7
2025-12-12,23:20,21.2,43.5,605,15.3,43.0
2025-12-12,23:25,29.8,53.8,259,9.7,34.1
2025-12-12,23:30,22.0,51.2,480,3.8,54.7
2025-12-12,23:35,26.4,63.3,532,16.1,26.9
2025-12-12,23:40,23.7,60.9,295,8.4,25.9
2025-12-12,23:45,21.9,51.5,310,6.8,44.3
2025-12-12,23:50,21.5,60.8,373,5.1,55.1
2025-12-12,23:55,28.5,42.3,252,15.7,33.5
2025-12-13,00:00,23.5,47.1,585,12.5,33.1
2025-12-13,00:05,23.6,42.8,528,7.6,51.5
2025-12-13,00:10,25.6,59.0,425,3.1,53.7
2025-12-13,00:15,28.7,52.2,401,18.3,38.9
2025-12-13,00:20,24.6,56.2,397,13.2,56.8
2025-12-13,00:25,26.8,46.6,639,17.9,41.1
2025-12-13,00:30,28.8,40.0,541,16.0,24.0
2025-12-13,00:35,21.0,58.3,392,5.6,34.7
2025-12-13,00:40,21.4,60.1,792,2.0,39.7
2025-12-13,00:45,21.0,41.0,259,2.5,51.3
2025-12-13,00:50,23.3,65.6,343,19.4,34.9
2025-12-13,00:55,25.7,52.7,476,0.4,54.3
2025-12-13,01:00,27.4,47.7,323,18.7,47.4
2025-12-13,01:05,23.2,42.0,665,7.7,38.7
2025-12-13,01:10,25.5,55.6,224,15.0,47.0
2025-12-13,01:15,28.2,44.2,436,2.6,45.0
2025-12-13,01:20,25.3,66.8,425,17.0,50.4
2025-12-13,01:25,20.5,65.2,648,18.9,51.6
2025-12-13,01:30,26.1,50.1,279,6.5,43.5
2025-12-13,01:35,21.9,45.9,684,0.2,59.0
2025-12-13,01:40,21.1,43.2,438,4.4,50.6
2025-12-13,01:45,23.7,48.2,775,1.8,56.7
2025-12-13,01:50,29.6,44.5,446,0.7,51.0
2025-12-13,01:55,27.6,62.1,681,10.8,36.6
2025-12-13,02:00,23.8,45.5,702,13.5,54.7
2025-12-13,02:05,28.1,44.5,613,5.8,45.0
2025-12-13,02:10,28.7,69.1,649,18.0,31.2
2025-12-13,02:15,27.5,45.7,720,0.8,41.3
2025-12-13,02:20,28.5,43.3,789,0.2,49.5
2025-12-13,02:25,24.2,48.0,568,4.2,40.5
2025-12-13,02:30,21.0,69.4,571,12.5,41.2
2025-12-13,02:35,23.4,46.0,218,0.6,53.2
2025-12-13,02:40,23.8,55.2,416,9.2,52.8
2025-12-13,02:45,25.0,69.9,797,2.4,44.5
2025-12-13,02:50,22.7,45.9,407,0.3,43.4
2025-12-13,02:55,28.6,48.4,754,14.9,55.4
2025-12-13,03:00,28.9,48.8,656,15.7,23.5
2025-12-13,03:05,22.9,47.9,214,18.2,24.5
2025-12-13,03:10,22.4,40.5,583,10.6,49.3
2025-12-13,03:15,27.4,61.6,558,5.3,54.6
2025-12-13,03:20,20.8,45.1,529,7.0,40.3
2025-12-13,03:25,21.5,48.3,269,1.6,50.7
2025-12-13,03:30,21.0,52.7,249,17.0,59.6
2025-12-13,03:35,28.0,55.1,202,3.7,59.2
2025-12-13,03:40,23.0,54.0,338,12.0,51.4
2025-12-13,03:45,22.2,51.4,646,16.5,33.4
2025-12-13,03:50,29.3,55.8,792,19.3,50.5
2025-12-13,03:55,22.2,55.2,291,7.9,23.9
2025-12-13,04:00,23.3,59.3,760,0.4,25.9
2025-12-13,04:05,24.1,54.6,353,2.0,55.7
2025-12-13,04:10,23.0,62.0,756,13.7,54.1
2025-12-13,04:15,21.8,44.1,471,9.6,36.8
2025-12-13,04:20,21.6,48.5,363,7.6,47.0
2025-12-13,04:25,24.3,61.4,765,6.6,29.9
2025-12-13,04:30,24.7,59.5,674,10.5,24.4
2025-12-13,04:35,29.0,68.9,388,14.2,26.9
2025-12-13,04:40,28.2,54.2,355,6.6,24.2
2025-12-13,04:45,20.9,61.9,596,19.2,22.5
2025-12-13,04:50,25.4,52.3,691,19.9,36.3
2025-12-13,04:55,25.4,68.5,563,13.0,50.9
2025-12-13,05:00,27.6,57.6,473,17.7,52.6
2025-12-13,05:05,25.6,47.8,737,15.7,27.8
2025-12-13,05:10,29.4,44.4,738,18.4,58.2
2025-12-13,05:15,23.2,48.4,206,5.0,55.8
2025-12-13,05:20,20.6,55.2,334,16.3,34.3
2025-12-13,05:25,24.4,42.7,385,17.7,24.0
2025-12-13,05:30,21.1,46.1,313,7.8,53.1
2025-12-13,05:35,22.5,45.2,299,16.2,53.4
2025-12-13,05:40,20.2,44.3,281,7.2,38.1
2025-12-13,05:45,21.5,49.8,345,9.6,55.8
2025-12-13,05:50,25.0,47.0,542,18.0,40.7
2025-12-13,05:55,24.1,61.0,340,12.8,42.4
2025-12-13,06:00,23.0,63.1,351,13.0,29.9
2025-12-13,06:05,29.0,56.2,719,1.9,54.6
2025-12-13,06:10,28.2,61.7,354,19.2,51.2
2025-12-13,06:15,21.8,66.3,212,6.5,50.2
2025-12-13,06:20,25.2,64.4,303,9.2,50.4
2025-12-13,06:25,24.2,48.0,265,2.6,40.5
2025-12-13,06:30,24.4,57.5,351,6.4,22.8
2025-12-13,06:35,29.1,51.5,770,18.8,37.4
2025-12-13,06:40,24.7,67.4,270,11.7,31.9
2025-12-13,06:45,26.6,69.8,639,1.3,36.9
2025-12-13,06:50,27.5,60.2,746,7.7,55.1
2025-12-13,06:55,27.5,60.8,330,17.4,59.9
2025-12-13,07:00,21.6,45.7,202,1.9,52.5
2025-12-13,07:05,23.6,60.7,439,16.8,59.1
2025-12-13,07:10,27.1,52.8,782,12.4,40.7
2025-12-13,07:15,23.3,49.4,396,4.3,54.5
2025-12-13,07:20,26.0,44.7,524,16.0,29.0
2025-12-13,07:25,28.4,60.1,204,12.2,33.4
2025-12-13,07:30,24.1,47.3,293,16.6,59.1
2025-12-13,07:35,26.8,64.2,691,1.4,36.2
2025-12-13,07:40,23.6,63.8,667,4.2,31.8
2025-12-13,07:45,28.2,64.8,774,19.1,32.6
2025-12-13,07:50,23.5,63.6,681,13.1,23.4
2025-12-13,07:55,23.9,67.2,312,19.2,54.7
2025-12-13,08:00,29.3,69.1,336,11.9,42.9
2025-12-13,08:05,26.1,58.1,672,17.5,31.2
2025-12-13,08:10,27.6,50.8,774,2.9,57.0
2025-12-13,08:15,21.4,51.8,599,7.3,38.0
2025-12-13,08:20,21.3,50.9,316,3.8,24.3
2025-12-13,08:25,21.5,40.5,389,12.0,28.3
2025-12-13,08:30,21.3,57.3,768,8.7,57.6
2025-12-13,08:35,28.9,54.2,677,9.3,27.9
2025-12-13,08:40,25.6,51.4,664,9.5,50.8
2025-12-13,08:45,24.8,62.5,228,17.9,27.3
2025-12-13,08:50,29.7,47.7,521,1.0,49.0
2025-12-13,08:55,25.3,58.0,751,18.0,55.9
2025-12-13,09:00,29.9,54.6,367,10.0,36.3
2025-12-13,09:05,25.5,54.4,333,0.2,26.6
2025-12-13,09:10,23.0,41.3,378,19.0,22.3
2025-12-13,09:15,26.7,59.7,492,9.1,30.5
2025-12-13,09:20,21.1,43.5,276,13.7,58.3
2025-12-13,09:25,21.4,53.1,583,11.6,51.2
2025-12-13,09:30,25.1,63.4,206,1.0,47.3
2025-12-13,09:35,26.6,54.6,714,9.5,49.5
2025-12-13,09:40,24.5,49.8,800,0.4,24.0
2025-12-13,09:45,25.6,46.0,428,18.4,37.8
2025-12-13,09:50,21.3,45.7,281,10.7,25.9
2025-12-13,09:55,21.7,44.0,629,8.2,56.8
2025-12-13,10:00,25.9,60.8,757,4.5,49.9
2025-12-13,10:05,25.3,57.8,684,11.7,24.6
2025-12-13,10:10,24.1,50.7,772,1.3,56.9
2025-12-13,10:15,20.9,65.9,281,12.3,59.6
2025-12-13,10:20,29.7,44.1,549,3.6,36.1
2025-12-13,10:25,27.4,59.3,715,7.4,58.5
2025-12-13,10:30,22.7,65.4,611,7.3,49.8
2025-12-13,10:35,26.5,55.5,389,10.3,49.6
2025-12-13,10:40,22.2,66.8,263,5.0,36.1
2025-12-13,10:45,21.3,63.9,558,1.9,25.3
2025-12-13,10:50,28.2,57.9,386,12.8,47.9
2025-12-13,10:55,24.6,68.2,636,3.4,36.6
2025-12-13,11:00,28.8,64.1,313,14.5,58.8
2025-12-13,11:05,20.5,57.5,385,12.1,29.6
2025-12-13,11:10,25.3,69.6,413,10.7,26.0
2025-12-13,11:15,22.5,41.7,667,8.7,41.7
2025-12-13,11:20,29.9,52.0,355,15.7,34.9
2025-12-13,11:25,24.2,65.0,208,18.1,52.7
2025-12-13,11:30,29.0,67.2,365,9.9,28.7
2025-12-13,11:35,27.5,56.4,799,4.7,41.8
2025-12-13,11:40,28.9,48.7,415,7.0,44.5
2025-12-13,11:45,23.2,68.8,698,15.7,32.8
2025-12-13,11:50,29.0,58.8,771,3.0,33.0
2025-12-13,11:55,28.1,56.0,661,11.9,29.6
2025-12-13,12:00,28.8,62.6,750,6.9,47.9
2025-12-13,12:05,21.0,50.9,744,18.4,22.6
2025-12-13,12:10,24.0,53.1,705,10.1,32.1
2025-12-13,12:15,26.0,59.0,224,4.6,54.2
2025-12-13,12:20,20.7,61.4,220,5.2,52.0
2025-12-13,12:25,29.3,55.4,372,18.7,43.7
2025-12-13,12:30,21.6,51.0,426,11.8,26.0
2025-12-13,12:35,28.6,66.2,767,5.3,42.0
2025-12-13,12:40,24.0,65.6,350,18.6,37.4
2025-12-13,12:45,21.4,45.2,688,17.1,22.0
2025-12-13,12:50,22.9,45.3,796,13.1,44.4
2025-12-13,12:55,29.1,54.4,596,11.8,40.5
2025-12-13,13:00,25.6,58.8,674,1.0,35.6
2025-12-13,13:05,29.8,49.6,780,5.9,35.4
2025-12-13,13:10,21.4,66.1,684,12.5,43.9
2025-12-13,13:15,28.7,56.8,720,0.3,26.7
2025-12-13,13:20,22.2,63.7,223,1.2,36.9
2025-12-13,13:25,24.1,44.8,299,8.3,33.5
2025-12-13,13:30,28.8,60.7,524,0.9,54.2
2025-12-13,13:35,27.3,59.1,370,4.8,49.6
2025-12-13,13:40,23.2,64.4,566,11.9,59.8
2025-12-13,13:45,25.9,45.6,564,3.5,58.7
2025-12-13,13:50,26.0,63.3,427,10.6,33.7
2025-12-13,13:55,26.3,44.4,568,13.1,26.9
2025-12-13,14:00,26.4,58.8,326,5.2,55.1
2025-12-13,14:05,20.8,65.6,646,14.4,53.7
2025-12-13,14:10,23.9,52.3,542,19.3,34.0
2025-12-13,14:15,26.9,58.2,724,16.6,41.0
2025-12-13,14:20,26.3,42.0,245,5.9,33.0
2025-12-13,14:25,23.8,45.3,373,1.2,50.6
2025-12-13,14:30,25.6,54.4,303,13.2,30.2
2025-12-13,14:35,24.8,48.1,308,5.0,50.3
2025-12-13,14:40,24.9,46.6,588,15.0,40.4
2025-12-13,14:45,29.5,57.8,527,12.9,20.9
2025-12-13,14:50,25.5,53.3,250,11.2,57.9
2025-12-13,14:55,22.8,56.4,371,19.7,42.5
2025-12-13,15:00,25.7,41.1,609,14.8,50.8
2025-12-13,15:05,26.1,53.4,691,15.1,28.1
2025-12-13,15:10,21.6,42.8,734,11.5,43.9
2025-12-13,15:15,26.6,41.2,209,0.1,55.4
2025-12-13,15:20,25.0,64.7,676,18.5,45.5
2025-12-13,15:25,26.1,55.0,554,5.7,20.6
2025-12-13,15:30,21.2,53.5,344,7.2,29.8
2025-12-13,15:35,27.1,51.9,347,0.2,51.7
2025-12-13,15:40,24.0,48.3,369,3.2,38.0
2025-12-13,15:45,20.1,45.6,788,3.6,47.6
2025-12-13,15:50,26.5,63.1,711,17.9,51.7
2025-12-13,15:55,21.7,49.9,482,5.1,44.0
2025-12-13,16:00,20.4,54.8,755,12.5,58.0
2025-12-13,16:05,27.2,43.4,251,17.3,45.3
2025-12-13,16:10,28.5,51.1,296,7.7,30.5
2025-12-13,16:15,25.6,54.2,619,5.2,59.8
2025-12-13,16:20,25.8,61.1,260,19.8,58.0
2025-12-13,16:25,25.3,49.1,424,1.5,30.8
2025-12-13,16:30,21.2,64.9,606,17.5,38.2
2025-12-13,16:35,22.6,47.7,299,2.4,53.9
2025-12-13,16:40,20.8,50.9,464,10.3,20.7
2025-12-13,16:45,28.1,41.8,463,2.9,20.3
2025-12-13,16:50,29.5,43.6,644,0.2,59.8
2025-12-13,16:55,26.2,47.3,502,17.5,20.9
2025-12-13,17:00,24.6,53.0,518,1.1,42.8
2025-12-13,17:05,24.7,65.0,376,14.7,55.2
2025-12-13,17:10,23.9,63.9,232,17.4,50.0
2025-12-13,17:15,20.6,54.6,649,8.1,32.7
2025-12-13,17:20,24.7,58.5,513,19.4,46.4
2025-12-13,17:25,21.0,48.1,608,3.5,51.9
2025-12-13,17:30,25.4,42.5,355,8.1,29.9
2025-12-13,17:35,28.3,52.7,789,15.8,49.8
2025-12-13,17:40,29.9,60.5,685,9.0,37.2
2025-12-13,17:45,24.7,51.1,615,2.0,43.0
2025-12-13,17:50,29.5,47.4,281,4.0,47.0
2025-12-13,17:55,29.4,50.4,516,5.5,34.0
2025-12-13,18:00,21.4,45.9,518,9.3,53.9
2025-12-13,18:05,25.6,41.8,573,7.1,43.6
2025-12-13,18:10,21.4,44.5,628,15.2,29.4
2025-12-13,18:15,22.9,55.5,271,6.1,59.0
2025-12-13,18:20,23.6,45.8,277,4.7,36.9
2025-12-13,18:25,29.5,59.7,735,13.1,38.5
2025-12-13,18:30,26.3,44.0,270,18.1,51.1
2025-12-13,18:35,27.0,44.8,748,17.8,40.7
2025-12-13,18:40,28.3,44.3,336,10.1,59.5
2025-12-13,18:45,28.4,46.9,407,13.9,35.4
2025-12-13,18:50,22.8,43.1,302,4.9,47.7
2025-12-13,18:55,29.9,68.0,299,9.1,35.2
2025-12-13,19:00,24.1,57.8,254,7.1,53.5
2025-12-13,19:05,29.9,42.3,303,17.7,47.1
2025-12-13,19:10,22.8,59.1,572,18.8,23.2
2025-12-13,19:15,23.1,48.6,799,12.1,52.7
2025-12-13,19:20,22.4,60.4,221,5.4,49.9
2025-12-13,19:25,21.3,66.6,771,13.7,36.0
2025-12-13,19:30,29.7,69.2,464,9.8,49.7
2025-12-13,19:35,25.2,62.4,396,2.8,23.5
2025-12-13,19:40,22.7,58.8,430,0.5,46.9
2025-12-13,19:45,27.0,42.1,561,3.3,45.2
2025-12-13,19:50,28.8,65.4,680,17.7,49.4
2025-12-13,19:55,26.5,45.3,218,1.1,49.6
2025-12-13,20:00,24.2,41.0,692,2.6,29.8
2025-12-13,20:05,29.8,59.1,597,5.2,51.6
2025-12-13,20:10,27.2,44.0,482,15.2,45.2
2025-12-13,20:15,25.3,49.7,694,18.9,57.3
2025-12-13,20:20,23.3,42.7,204,1.6,44.4
2025-12-13,20:25,21.6,69.9,583,17.8,53.6
2025-12-13,20:30,20.0,65.0,336,19.9,57.2
2025-12-13,20:35,20.5,62.4,368,3.2,36.1
2025-12-13,20:40,20.2,63.5,548,8.6,57.8
2025-12-13,20:45,29.3,55.6,666,18.1,23.1
2025-12-13,20:50,22.4,65.0,670,13.6,52.3
2025-12-13,20:55,22.1,46.7,482,4.1,38.3
2025-12-13,21:00,20.6,43.9,623,7.3,31.8
2025-12-13,21:05,26.7,45.1,635,8.0,29.7
2025-12-13,21:10,27.4,49.7,701,9.4,51.5
2025-12-13,21:15,23.0,58.3,509,2.6,34.3
2025-12-13,21:20,29.4,64.5,748,8.4,41.1
2025-12-13,21:25,26.3,51.4,500,12.2,56.5
2025-12-13,21:30,21.7,63.8,539,19.3,48.1
2025-12-13,21:35,26.4,43.3,405,1.7,31.4
2025-12-13,21:40,20.9,69.7,326,11.8,37.0
2025-12-13,21:45,29.4,59.2,239,14.4,26.9
2025-12-13,21:50,20.9,61.6,722,1.9,54.1
2025-12-13,21:55,28.2,43.8,262,12.5,54.0
2025-12-13,22:00,21.8,57.4,616,17.3,23.0
2025-12-13,22:05,24.9,41.4,787,15.9,59.6
2025-12-13,22:10,29.3,49.1,451,9.5,21.6
2025-12-13,22:15,21.4,53.7,252,0.5,30.0
2025-12-13,22:20,27.5,66.0,251,0.4,58.4
2025-12-13,22:25,26.2,55.7,551,4.0,30.0
2025-12-13,22:30,21.1,55.5,333,16.6,49.2
2025-12-13,22:35,27.9,61.5,328,2.7,25.4
2025-12-13,22:40,25.0,58.0,290,15.7,34.3
2025-12-13,22:45,21.2,46.7,571,8.3,32.1
2025-12-13,22:50,28.4,41.6,555,15.6,35.3
2025-12-13,22:55,28.1,40.9,736,13.6,34.3
2025-12-13,23:00,22.1,63.7,400,15.3,25.0
2025-12-13,23:05,21.6,51.7,568,4.1,24.4
2025-12-13,23:10,20.5,46.3,206,3.6,22.5
2025-12-13,23:15,24.7,44.1,247,11.3,27.3
2025-12-13,23:20,29.6,53.3,485,5.4,42.6
2025-12-13,23:25,22.7,66.4,666,3.1,54.5
2025-12-13,23:30,25.3,47.0,617,9.7,52.6
2025-12-13,23:35,26.2,64.4,738,12.6,20.4
2025-12-13,23:40,22.7,51.4,296,18.7,27.4
2025-12-13,23:45,27.0,54.5,274,15.3,23.8
2025-12-13,23:50,26.0,46.7,535,11.9,33.9
2025-12-13,23:55,26.0,61.6,278,16.7,53.8
2025-12-14,00:00,27.9,63.2,278,17.5,28.8
2025-12-14,00:05,26.9,60.4,280,5.4,34.5
2025-12-14,00:10,22.8,61.2,465,5.3,51.7
2025-12-14,00:15,22.6,55.4,623,3.1,34.1
2025-12-14,00:20,24.0,53.1,256,4.3,45.0
2025-12-14,00:25,29.7,58.1,381,9.1,58.3
2025-12-14,00:30,27.6,58.1,326,19.1,20.3
2025-12-14,00:35,26.2,67.7,407,5.6,54.8
2025-12-14,00:40,25.1,68.3,648,16.8,35.1
2025-12-14,00:45,21.5,50.2,349,12.5,25.6
2025-12-14,00:50,22.5,52.0,202,18.0,46.4
2025-12-14,00:55,29.6,44.2,203,12.5,47.9
2025-12-14,01:00,23.7,65.4,611,4.2,41.8
2025-12-14,01:05,27.3,48.6,226,17.5,45.6
2025-12-14,01:10,20.9,44.5,208,18.5,52.4
2025-12-14,01:15,20.3,59.1,359,10.2,22.9
2025-12-14,01:20,26.2,60.3,362,1.5,58.3
2025-12-14,01:25,21.0,43.8,254,19.7,27.3
2025-12-14,01:30,25.7,58.2,429,19.2,39.6
2025-12-14,01:35,26.1,58.1,582,2.7,30.0
2025-12-14,01:40,23.6,44.4,787,12.6,45.5
2025-12-14,01:45,27.7,40.5,596,1.7,30.6
2025-12-14,01:50,27.4,69.2,341,9.8,59.9
2025-12-14,01:55,26.4,53.5,453,14.2,37.1
2025-12-14,02:00,26.4,59.5,517,14.0,34.6
2025-12-14,02:05,28.9,40.9,552,2.4,38.0
2025-12-14,02:10,24.7,42.6,501,13.0,32.9
2025-12-14,02:15,22.9,64.5,620,18.2,28.0
2025-12-14,02:20,27.7,49.2,604,0.8,58.6
2025-12-14,02:25,20.1,48.6,475,1.5,49.5
2025-12-14,02:30,28.0,55.8,560,10.9,33.6
2025-12-14,02:35,24.3,47.6,732,8.5,51.6
2025-12-14,02:40,20.5,43.9,603,13.9,31.9
2025-12-14,02:45,26.0,52.7,247,1.1,50.8
2025-12-14,02:50,20.4,51.7,448,9.2,54.7
2025-12-14,02:55,24.3,67.5,647,8.0,41.2
2025-12-14,03:00,28.5,56.8,528,8.7,37.1
2025-12-14,03:05,24.5,52.2,223,3.9,54.0
2025-12-14,03:10,29.6,60.5,385,12.2,54.7
2025-12-14,03:15,22.5,51.9,737,0.2,46.4
2025-12-14,03:20,26.9,57.7,794,8.1,24.9
2025-12-14,03:25,29.2,63.7,777,1.2,32.7
2025-12-14,03:30,27.8,46.6,335,0.3,53.1
2025-12-14,03:35,24.8,60.7,642,18.6,41.5
2025-12-14,03:40,27.4,67.1,429,19.3,37.7
2025-12-14,03:45,29.9,70.0,454,5.7,45.1
2025-12-14,03:50,20.0,46.3,248,17.1,43.6
2025-12-14,03:55,28.1,50.1,604,7.6,26.2
2025-12-14,04:00,29.1,49.2,520,2.0,32.4
2025-12-14,04:05,24.7,52.3,447,18.2,43.6
2025-12-14,04:10,29.6,46.7,632,8.8,49.5
2025-12-14,04:15,22.5,67.6,732,5.0,32.1
2025-12-14,04:20,24.8,46.2,720,8.8,20.4
2025-12-14,04:25,29.5,68.2,665,1.0,51.5
2025-12-14,04:30,22.0,60.6,552,16.9,28.4
2025-12-14,04:35,22.0,57.1,466,14.3,26.6
2025-12-14,04:40,29.5,49.2,537,14.5,23.1
2025-12-14,04:45,20.3,54.3,646,15.2,56.4
2025-12-14,04:50,20.8,69.2,599,1.8,33.9
2025-12-14,04:55,26.7,62.1,757,6.1,60.0
2025-12-14,05:00,27.4,48.6,736,8.5,55.4
2025-12-14,05:05,22.5,40.2,439,11.1,29.4
2025-12-14,05:10,29.7,65.0,510,11.0,30.3
2025-12-14,05:15,28.4,67.5,537,17.2,25.4
2025-12-14,05:20,21.2,69.3,711,1.0,32.3
2025-12-14,05:25,21.0,56.6,702,13.9,25.7
2025-12-14,05:30,24.7,64.0,361,18.6,23.8
2025-12-14,05:35,20.0,63.7,262,18.0,59.7
2025-12-14,05:40,22.5,53.8,411,12.3,41.7
2025-12-14,05:45,27.9,51.3,760,18.0,34.5
2025-12-14,05:50,25.5,45.0,602,3.2,38.2
2025-12-14,05:55,21.2,44.9,708,7.6,32.9
2025-12-14,06:00,21.6,47.2,292,2.7,50.7
2025-12-14,06:05,22.7,45.1,561,17.8,33.9
2025-12-14,06:10,21.5,61.2,301,16.7,54.6
2025-12-14,06:15,25.6,57.9,260,6.1,33.9
2025-12-14,06:20,22.0,55.7,243,10.2,40.9
2025-12-14,06:25,25.1,41.0,288,7.6,20.8
2025-12-14,06:30,22.4,43.5,357,0.9,48.9
2025-12-14,06:35,25.3,68.6,698,19.2,22.8
2025-12-14,06:40,24.3,59.1,763,3.2,53.8
2025-12-14,06:45,26.2,60.2,351,12.5,58.4
2025-12-14,06:50,20.3,47.0,732,11.2,48.2
2025-12-14,06:55,29.5,57.5,272,18.0,41.2
2025-12-14,07:00,20.2,41.4,275,5.7,47.7
2025-12-14,07:05,23.0,66.6,658,1.3,24.1
2025-12-14,07:10,24.4,68.5,427,4.6,30.4
2025-12-14,07:15,25.2,66.3,273,13.1,42.9
2025-12-14,07:20,29.3,59.8,692,12.1,57.4
2025-12-14,07:25,28.1,69.7,784,3.7,32.3
2025-12-14,07:30,26.0,66.6,779,16.9,37.9
2025-12-14,07:35,28.8,51.0,707,9.3,51.9
2025-12-14,07:40,29.8,66.3,465,7.3,50.9
2025-12-14,07:45,26.4,65.4,500,17.5,41.0
2025-12-14,07:50,23.8,58.8,772,16.6,31.9
2025-12-14,07:55,26.0,45.6,546,0.6,28.2
2025-12-14,08:00,23.9,40.9,442,8.5,43.8
2025-12-14,08:05,22.2,42.4,704,5.4,41.0
2025-12-14,08:10,27.7,63.5,350,18.5,35.9
2025-12-14,08:15,27.1,68.9,328,5.1,35.1
2025-12-14,08:20,23.1,57.9,687,11.0,21.7
2025-12-14,08:25,24.7,50.3,396,19.6,29.0
2025-12-14,08:30,27.1,57.6,495,14.3,24.8
2025-12-14,08:35,25.5,54.8,214,7.4,57.3
2025-12-14,08:40,26.6,69.0,474,9.2,55.0
2025-12-14,08:45,21.7,61.7,200,10.7,41.7
2025-12-14,08:50,25.5,50.5,755,12.3,40.3
2025-12-14,08:55,21.4,54.0,579,18.2,22.6
2025-12-14,09:00,24.1,58.2,669,10.3,52.5
2025-12-14,09:05,28.6,46.1,695,19.8,58.5
2025-12-14,09:10,23.4,66.9,325,0.3,40.5
2025-12-14,09:15,27.2,48.8,338,8.7,39.4
2025-12-14,09:20,26.6,49.2,215,6.5,46.6
2025-12-14,09:25,27.6,64.7,389,10.4,45.9
2025-12-14,09:30,24.1,53.5,709,17.9,21.5
2025-12-14,09:35,25.7,51.7,743,3.2,27.0
2025-12-14,09:40,22.2,55.7,570,11.6,57.9
2025-12-14,09:45,25.0,43.7,362,13.2,34.6
2025-12-14,09:50,22.3,44.4,308,12.1,56.0
2025-12-14,09:55,24.5,42.2,558,7.8,39.5
2025-12-14,10:00,26.3,51.3,482,6.7,58.1
2025-12-14,10:05,21.0,49.1,332,10.1,55.5
2025-12-14,10:10,22.0,56.0,421,18.9,56.5
2025-12-14,10:15,26.8,51.0,648,9.0,24.5
2025-12-14,10:20,26.6,56.4,520,14.3,54.8
2025-12-14,10:25,22.5,68.0,281,7.4,45.4
2025-12-14,10:30,22.6,50.0,408,15.0,32.3
2025-12-14,10:35,24.3,57.8,315,14.4,22.1
2025-12-14,10:40,22.3,46.9,260,9.4,29.0
2025-12-14,10:45,29.1,69.3,306,7.6,35.3
2025-12-14,10:50,23.1,44.9,429,16.9,41.3
2025-12-14,10:55,26.1,66.2,241,7.3,49.4
2025-12-14,11:00,28.9,57.2,318,5.4,54.6
2025-12-14,11:05,29.2,41.5,224,17.9,42.9
2025-12-14,11:10,21.9,61.7,484,17.2,32.2
2025-12-14,11:15,27.7,63.7,670,3.0,43.8
2025-12-14,11:20,24.4,62.1,591,15.3,21.5
2025-12-14,11:25,23.7,56.5,210,14.3,33.4
2025-12-14,11:30,29.6,42.4,696,5.6,30.8
2025-12-14,11:35,21.5,41.9,493,0.4,48.5
2025-12-14,11:40,24.7,69.9,320,3.7,52.8
2025-12-14,11:45,23.2,69.0,656,17.0,49.4
2025-12-14,11:50,24.5,59.1,564,17.6,22.3
2025-12-14,11:55,29.4,59.9,492,2.4,48.6
2025-12-14,12:00,25.3,52.6,642,6.5,36.6
2025-12-14,12:05,24.6,66.0,648,5.3,33.9
2025-12-14,12:10,27.1,59.3,249,11.7,46.1
2025-12-14,12:15,23.1,67.3,344,9.5,42.5
2025-12-14,12:20,29.2,50.7,524,13.9,21.1
2025-12-14,12:25,21.2,57.4,579,5.9,25.1
2025-12-14,12:30,25.4,44.5,468,6.3,40.1
2025-12-14,12:35,26.3,48.4,341,19.9,22.0
2025-12-14,12:40,23.3,52.7,452,4.6,29.1
2025-12-14,12:45,25.1,58.8,505,17.1,36.6
2025-12-14,12:50,23.9,46.1,570,2.3,20.9
2025-12-14,12:55,22.9,45.4,640,10.1,35.4
2025-12-14,13:00,29.0,52.9,304,1.5,57.1
2025-12-14,13:05,21.2,66.7,694,12.1,56.9
2025-12-14,13:10,23.5,41.1,262,18.5,47.2
2025-12-14,13:15,21.3,46.0,749,13.6,42.9
2025-12-14,13:20,24.3,50.5,745,17.8,29.7
2025-12-14,13:25,24.3,50.7,567,15.0,57.6
2025-12-14,13:30,25.2,52.5,369,5.0,22.2
2025-12-14,13:35,28.2,53.8,552,8.0,59.2
2025-12-14,13:40,20.1,47.5,203,1.1,24.3
2025-12-14,13:45,26.5,48.6,545,5.6,25.5
2025-12-14,13:50,24.0,58.8,246,1.9,38.0
2025-12-14,13:55,26.1,50.3,287,9.6,51.3
2025-12-14,14:00,27.7,64.7,549,7.1,50.3
2025-12-14,14:05,25.5,54.4,537,6.9,28.3
2025-12-14,14:10,22.7,46.7,525,11.1,40.3
2025-12-14,14:15,22.2,56.4,200,6.3,38.4
2025-12-14,14:20,24.4,69.6,696,14.8,27.0
2025-12-14,14:25,20.3,59.1,614,19.9,49.4
2025-12-14,14:30,28.4,44.1,398,14.3,46.7
2025-12-14,14:35,21.0,67.8,492,17.6,48.3
2025-12-14,14:40,20.8,50.5,231,8.3,44.8
2025-12-14,14:45,25.3,60.6,589,2.4,22.4
2025-12-14,14:50,28.8,46.5,635,2.5,35.6
2025-12-14,14:55,25.6,41.0,702,11.5,21.4
2025-12-14,15:00,23.5,53.5,538,18.4,32.7
2025-12-14,15:05,26.7,49.2,418,3.0,52.0
2025-12-14,15:10,20.1,55.1,247,4.7,56.5
2025-12-14,15:15,23.2,53.2,317,7.8,25.5
2025-12-14,15:20,22.9,66.1,691,7.0,58.5
2025-12-14,15:25,21.6,51.4,381,2.7,38.4
2025-12-14,15:30,25.7,43.1,739,11.0,31.9
2025-12-14,15:35,23.3,50.5,771,13.7,26.9
2025-12-14,15:40,25.1,60.3,371,13.9,21.2
2025-12-14,15:45,24.9,40.8,794,2.1,30.7
2025-12-14,15:50,24.6,60.9,572,15.2,58.0
2025-12-14,15:55,25.2,53.2,342,18.6,37.2
2025-12-14,16:00,28.6,69.1,450,7.3,37.4
2025-12-14,16:05,21.5,51.8,298,19.9,46.9
2025-12-14,16:10,26.3,53.5,430,6.6,48.8
2025-12-14,16:15,27.9,56.6,394,12.3,57.6
2025-12-14,16:20,21.6,61.8,255,13.5,50.9
2025-12-14,16:25,29.5,42.7,528,16.8,21.9
2025-12-14,16:30,23.3,45.6,787,3.4,49.3
2025-12-14,16:35,25.3,41.2,652,6.5,20.5
2025-12-14,16:40,26.9,66.0,772,14.3,24.1
2025-12-14,16:45,25.8,50.7,649,15.7,21.3
2025-12-14,16:50,26.7,49.8,532,13.4,33.4
2025-12-14,16:55,22.9,50.9,687,1.0,58.7
2025-12-14,17:00,24.0,41.5,761,12.0,59.6
2025-12-14,17:05,20.0,62.0,413,11.7,36.0
2025-12-14,17:10,21.1,55.1,601,19.1,33.7
2025-12-14,17:15,22.6,58.7,758,8.9,55.2
2025-12-14,17:20,20.6,52.2,737,1.0,53.4
2025-12-14,17:25,28.1,57.2,554,20.0,48.2
2025-12-14,17:30,28.2,59.6,282,3.1,41.4
2025-12-14,17:35,23.9,51.6,482,5.9,30.8
2025-12-14,17:40,22.1,68.5,309,19.1,45.7
2025-12-14,17:45,24.8,41.5,417,8.2,20.1
2025-12-14,17:50,27.1,69.5,541,2.6,20.9
2025-12-14,17:55,26.2,56.9,402,6.5,35.8
2025-12-14,18:00,22.0,46.8,537,9.1,23.6
2025-12-14,18:05,27.8,65.7,447,16.0,32.4
2025-12-14,18:10,29.1,43.3,723,16.4,37.4
2025-12-14,18:15,26.9,41.8,371,8.3,25.9
2025-12-14,18:20,23.6,59.0,666,7.7,54.4
2025-12-14,18:25,27.2,55.4,409,4.4,24.6
2025-12-14,18:30,28.5,47.4,262,18.2,36.5
2025-12-14,18:35,29.9,54.3,629,8.4,53.9
2025-12-14,18:40,21.4,56.5,292,1.9,23.6
2025-12-14,18:45,23.4,54.4,431,15.2,55.8
2025-12-14,18:50,25.1,67.1,437,7.1,33.6
2025-12-14,18:55,24.2,51.4,536,16.0,52.1
2025-12-14,19:00,25.4,55.3,296,11.3,35.9
2025-12-14,19:05,22.4,63.7,797,8.7,56.3
2025-12-14,19:10,27.0,41.7,707,19.7,24.2
2025-12-14,19:15,27.9,49.1,449,6.9,52.5
2025-12-14,19:20,29.4,53.1,200,10.3,28.1
2025-12-14,19:25,24.9,61.9,410,5.1,35.1
2025-12-14,19:30,24.6,45.7,683,10.6,22.5
2025-12-14,19:35,20.9,49.5,590,4.1,27.9
2025-12-14,19:40,27.5,47.4,201,1.9,26.6
2025-12-14,19:45,21.8,45.7,473,0.1,44.3
2025-12-14,19:50,26.5,53.8,249,5.9,31.2
2025-12-14,19:55,20.5,65.2,742,9.9,32.0
2025-12-14,20:00,26.1,67.8,403,11.0,55.0
2025-12-14,20:05,26.3,54.2,385,14.7,51.2
2025-12-14,20:10,22.8,51.0,330,13.6,41.0
2025-12-14,20:15,20.6,48.8,597,4.3,55.3
2025-12-14,20:20,23.2,41.8,378,19.3,51.3
2025-12-14,20:25,28.4,55.3,319,13.8,40.9
2025-12-14,20:30,22.7,45.4,430,2.4,34.1
2025-12-14,20:35,28.3,57.7,609,6.9,25.6
2025-12-14,20:40,21.0,66.0,251,19.5,53.2
2025-12-14,20:45,22.2,56.7,719,17.9,21.2
2025-12-14,20:50,27.5,50.9,731,12.1,54.0
2025-12-14,20:55,27.9,51.0,276,19.2,24.1
2025-12-14,21:00,27.6,47.9,722,12.1,54.9
2025-12-14,21:05,23.5,68.8,288,5.8,25.1
2025-12-14,21:10,21.4,69.3,351,2.2,34.7
2025-12-14,21:15,20.1,42.8,564,6.9,37.2
2025-12-14,21:20,26.3,64.1,651,6.4,45.3
2025-12-14,21:25,23.9,69.9,257,0.1,23.4
2025-12-14,21:30,22.2,55.4,221,15.6,42.1
2025-12-14,21:35,22.9,44.2,693,15.7,40.8
2025-12-14,21:40,25.6,63.8,379,9.0,43.4
2025-12-14,21:45,29.3,67.0,453,5.0,56.1
2025-12-14,21:50,26.8,69.4,491,5.6,45.4
2025-12-14,21:55,28.2,64.1,752,0.4,21.4
2025-12-14,22:00,22.8,60.3,481,9.3,59.4
2025-12-14,22:05,21.6,53.7,605,0.4,28.2
2025-12-14,22:10,22.7,53.1,232,6.5,49.9
2025-12-14,22:15,24.6,65.0,701,11.3,35.9
2025-12-14,22:20,23.2,42.1,786,3.8,37.6
2025-12-14,22:25,25.7,56.9,391,7.3,51.1
2025-12-14,22:30,20.9,63.8,355,6.2,33.7
2025-12-14,22:35,24.6,63.0,489,11.1,54.4
2025-12-14,22:40,28.1,60.1,294,2.0,40.4
2025-12-14,22:45,25.4,49.2,345,1.1,29.6
2025-12-14,22:50,29.8,42.8,489,0.3,58.7
2025-12-14,22:55,26.0,51.2,336,8.9,44.4
2025-12-14,23:00,28.7,67.2,489,18.6,32.7
2025-12-14,23:05,25.6,69.8,337,16.2,35.7
2025-12-14,23:10,20.6,53.3,547,12.5,55.2
2025-12-14,23:15,23.4,63.1,222,18.5,41.5
2025-12-14,23:20,29.3,41.7,662,17.3,52.2
2025-12-14,23:25,22.4,51.8,684,19.9,42.7
2025-12-14,23:30,24.8,56.5,283,17.3,57.3
2025-12-14,23:35,21.0,64.0,327,18.9,50.4
2025-12-14,23:40,26.9,40.8,763,15.5,22.4
2025-12-14,23:45,28.6,62.1,524,16.3,52.3
2025-12-14,23:50,23.2,43.0,236,17.1,45.4
2025-12-14,23:55,29.9,51.3,565,14.8,40.6
2025-12-15,00:00,21.5,61.0,565,3.6,53.5
2025-12-15,00:05,20.1,45.6,714,2.6,57.1
2025-12-15,00:10,21.4,60.0,626,10.4,28.5
2025-12-15,00:15,25.6,41.7,392,15.2,47.8
2025-12-15,00:20,28.8,41.4,456,0.9,50.4
2025-12-15,00:25,20.7,60.6,227,13.9,47.1
2025-12-15,00:30,23.2,64.6,260,9.7,37.0
2025-12-15,00:35,21.9,62.8,426,4.7,54.6
2025-12-15,00:40,26.5,62.8,440,2.4,32.4
2025-12-15,00:45,27.2,64.0,352,1.6,59.4
2025-12-15,00:50,23.9,45.6,688,3.0,21.0
2025-12-15,00:55,25.9,53.1,502,1.9,58.9
2025-12-15,01:00,22.4,43.9,663,7.0,36.3
2025-12-15,01:05,26.6,55.1,623,2.4,24.0
2025-12-15,01:10,20.3,52.1,637,12.3,55.4
2025-12-15,01:15,23.9,40.9,720,10.0,24.4
2025-12-15,01:20,27.3,68.7,334,12.7,49.0
2025-12-15,01:25,22.8,57.8,649,10.3,34.0
2025-12-15,01:30,20.3,44.5,244,9.9,32.4
2025-12-15,01:35,24.6,47.3,636,4.6,43.1
2025-12-15,01:40,29.1,41.1,731,12.1,54.7
2025-12-15,01:45,26.6,58.6,772,8.2,46.1
2025-12-15,01:50,27.6,51.5,298,13.5,24.5
2025-12-15,01:55,24.6,47.1,290,9.2,59.5
2025-12-15,02:00,24.6,57.7,210,4.7,22.8
2025-12-15,02:05,25.6,49.5,684,15.9,31.6
2025-12-15,02:10,24.2,55.7,773,7.7,40.3
2025-12-15,02:15,25.7,40.8,456,7.0,48.5
2025-12-15,02:20,20.8,48.2,216,2.8,59.8
2025-12-15,02:25,24.9,54.2,368,16.5,55.1
2025-12-15,02:30,29.5,67.6,398,8.3,58.0
2025-12-15,02:35,29.6,68.0,747,13.2,28.6
2025-12-15,02:40,21.0,48.9,288,2.3,57.2
2025-12-15,02:45,29.6,68.0,338,16.7,44.9
2025-12-15,02:50,25.9,50.1,682,4.7,29.8
2025-12-15,02:55,20.4,67.9,710,2.2,33.1
2025-12-15,03:00,21.7,59.0,330,13.6,38.5
2025-12-15,03:05,25.6,48.2,241,13.3,46.6
2025-12-15,03:10,25.2,42.6,705,15.5,49.9
2025-12-15,03:15,28.0,67.2,334,11.2,25.1
2025-12-15,03:20,25.4,45.3,579,4.7,39.3
2025-12-15,03:25,21.2,43.3,477,7.3,54.3
2025-12-15,03:30,22.1,60.2,331,2.3,25.4
2025-12-15,03:35,26.3,62.0,513,3.8,23.2
2025-12-15,03:40,23.0,48.5,734,4.1,28.5
2025-12-15,03:45,20.3,57.3,690,3.3,38.6
2025-12-15,03:50,26.1,53.4,366,4.5,31.4
2025-12-15,03:55,28.7,42.0,602,9.1,40.8
2025-12-15,04:00,28.7,55.7,429,19.5,32.8
2025-12-15,04:05,27.8,54.8,243,5.9,49.8
2025-12-15,04:10,28.2,48.1,659,16.2,28.7
2025-12-15,04:15,22.3,41.3,597,8.6,44.8
2025-12-15,04:20,29.3,64.1,239,8.4,56.1
2025-12-15,04:25,20.8,54.1,289,10.6,29.0
2025-12-15,04:30,20.8,59.6,666,1.5,39.2
2025-12-15,04:35,25.6,62.8,357,0.6,54.3
2025-12-15,04:40,23.9,49.4,487,2.4,46.7
2025-12-15,04:45,26.8,62.3,349,15.4,33.8
2025-12-15,04:50,24.9,56.9,546,16.5,30.8
2025-12-15,04:55,26.1,51.8,238,12.3,29.4
2025-12-15,05:00,26.5,49.2,255,8.5,51.3
2025-12-15,05:05,21.3,58.0,774,0.6,22.7
2025-12-15,05:10,29.0,42.5,588,13.7,55.1
2025-12-15,05:15,29.2,44.7,340,5.0,54.3
2025-12-15,05:20,26.2,62.2,484,16.2,58.9
2025-12-15,05:25,26.7,45.6,687,12.2,32.8
2025-12-15,05:30,24.9,68.9,778,13.2,32.5
2025-12-15,05:35,25.4,45.4,606,13.4,39.7
2025-12-15,05:40,25.9,59.2,393,0.7,31.9
2025-12-15,05:45,22.5,63.7,203,17.5,24.1
2025-12-15,05:50,21.2,42.6,303,5.4,21.3
2025-12-15,05:55,22.5,41.5,261,11.1,43.3
2025-12-15,06:00,23.7,51.6,310,19.8,30.9
2025-12-15,06:05,21.6,49.1,726,18.8,38.8
2025-12-15,06:10,21.1,54.4,434,2.6,33.3
2025-12-15,06:15,29.5,40.5,691,3.0,38.5
2025-12-15,06:20,29.4,47.3,685,12.6,29.4
2025-12-15,06:25,25.6,52.7,708,16.9,20.9
2025-12-15,06:30,20.4,56.2,367,1.4,42.5
2025-12-15,06:35,29.1,67.5,443,17.9,27.0
2025-12-15,06:40,28.6,42.3,693,12.5,52.6
2025-12-15,06:45,21.9,66.9,207,5.5,26.1
2025-12-15,06:50,22.4,46.7,363,12.1,26.8
2025-12-15,06:55,26.6,58.3,620,9.6,54.9
2025-12-15,07:00,28.4,64.4,432,6.4,45.3
2025-12-15,07:05,24.6,51.5,777,1.8,42.4
2025-12-15,07:10,23.2,41.7,249,10.3,53.8
2025-12-15,07:15,29.1,53.1,751,13.8,30.4
2025-12-15,07:20,22.1,47.1,434,13.9,33.9
2025-12-15,07:25,26.5,62.2,656,19.1,40.3
2025-12-15,07:30,26.1,55.9,306,15.0,50.8
2025-12-15,07:35,21.9,58.8,532,3.3,25.2
2025-12-15,07:40,21.2,55.0,402,12.6,23.2
2025-12-15,07:45,28.5,56.8,458,18.8,52.9
2025-12-15,07:50,21.2,54.9,347,16.9,38.6
2025-12-15,07:55,27.9,62.5,563,14.6,31.8
2025-12-15,08:00,24.8,66.7,443,6.7,22.0
2025-12-15,08:05,26.6,50.8,782,7.6,22.9
2025-12-15,08:10,23.7,68.4,616,0.7,55.1
2025-12-15,08:15,26.6,61.7,544,0.0,53.1
2025-12-15,08:20,21.7,47.4,763,12.3,48.8
2025-12-15,08:25,28.9,59.7,330,3.6,35.7
2025-12-15,08:30,29.2,51.6,309,17.1,24.1
2025-12-15,08:35,21.4,59.2,777,8.1,46.1
2025-12-15,08:40,29.5,54.0,730,8.2,31.2
2025-12-15,08:45,25.1,56.2,719,2.1,46.6
2025-12-15,08:50,21.3,52.8,558,19.3,27.5
2025-12-15,08:55,21.7,64.1,730,14.9,28.2
2025-12-15,09:00,25.0,54.8,711,11.2,59.1
2025-12-15,09:05,26.3,50.1,439,17.2,36.1
2025-12-15,09:10,22.4,54.4,489,6.4,57.8
2025-12-15,09:15,23.3,56.4,232,11.8,40.9
2025-12-15,09:20,28.0,67.0,778,9.8,47.9
2025-12-15,09:25,23.0,69.9,726,11.7,55.5
2025-12-15,09:30,28.7,63.0,550,1.7,44.9
2025-12-15,09:35,25.1,62.4,434,7.8,41.7
2025-12-15,09:40,26.5,45.9,368,12.1,54.3
2025-12-15,09:45,26.2,60.2,254,14.7,40.7
2025-12-15,09:50,27.4,69.8,301,8.5,37.0
2025-12-15,09:55,24.4,67.9,482,17.9,50.5
2025-12-15,10:00,24.7,61.5,489,1.2,42.9
2025-12-15,10:05,22.3,62.1,655,1.1,41.3
2025-12-15,10:10,29.8,57.0,263,15.8,46.2
2025-12-15,10:15,27.1,49.3,280,5.1,38.3
2025-12-15,10:20,27.4,66.5,435,10.8,30.8
2025-12-15,10:25,29.3,60.4,689,12.5,25.8
2025-12-15,10:30,20.6,45.8,617,18.3,40.0
2025-12-15,10:35,20.1,65.2,334,19.9,54.8
2025-12-15,10:40,23.7,41.9,503,2.4,20.0
2025-12-15,10:45,27.6,42.0,615,13.9,41.5
2025-12-15,10:50,22.2,51.3,271,8.9,50.9
2025-12-15,10:55,23.8,48.2,765,1.4,39.2
2025-12-15,11:00,25.6,60.3,304,18.0,25.0
2025-12-15,11:05,23.0,47.5,796,18.5,23.1
2025-12-15,11:10,25.1,59.5,594,8.9,48.5
2025-12-15,11:15,25.0,59.7,416,12.1,24.1
2025-12-15,11:20,21.3,58.7,337,8.0,39.1
2025-12-15,11:25,20.3,57.5,296,14.9,40.2
2025-12-15,11:30,29.9,66.7,229,11.4,20.6
2025-12-15,11:35,20.7,49.3,234,6.0,30.4
2025-12-15,11:40,27.8,49.4,681,13.3,23.2
2025-12-15,11:45,25.8,47.5,687,15.7,37.3
2025-12-15,11:50,25.1,64.7,771,17.0,35.6
2025-12-15,11:55,21.5,48.5,242,18.7,31.9
2025-12-15,12:00,22.1,48.0,597,9.4,40.3
2025-12-15,12:05,23.2,47.3,561,0.7,39.9
2025-12-15,12:10,20.8,55.8,418,16.6,23.9
2025-12-15,12:15,23.3,47.5,459,11.3,46.1
2025-12-15,12:20,27.3,60.5,693,12.6,60.0
2025-12-15,12:25,27.5,65.9,226,16.0,44.6
2025-12-15,12:30,22.5,60.7,509,19.6,37.7
2025-12-15,12:35,25.6,47.2,644,10.9,48.2
2025-12-15,12:40,21.2,67.6,225,15.7,44.3
2025-12-15,12:45,20.8,69.4,635,4.3,30.9
2025-12-15,12:50,27.2,61.7,229,16.1,52.7
2025-12-15,12:55,29.4,42.8,372,11.5,23.3
2025-12-15,13:00,23.3,67.8,489,19.4,48.6
2025-12-15,13:05,24.0,42.9,295,18.0,22.1
2025-12-15,13:10,26.7,59.9,538,5.7,46.8
2025-12-15,13:15,21.2,68.1,217,0.3,35.7
2025-12-15,13:20,24.7,40.6,619,15.6,59.3
2025-12-15,13:25,23.7,52.7,682,2.7,57.6
2025-12-15,13:30,21.0,54.4,235,0.7,35.7
2025-12-15,13:35,23.2,60.8,473,8.8,36.9
2025-12-15,13:40,22.3,43.1,315,17.1,29.4
2025-12-15,13:45,27.4,46.7,757,2.0,50.3
2025-12-15,13:50,20.5,50.4,603,8.0,52.2
2025-12-15,13:55,21.4,65.3,255,7.8,51.7
2025-12-15,14:00,22.8,57.2,627,10.9,51.3
2025-12-15,14:05,20.6,59.6,278,5.9,31.9
2025-12-15,14:10,28.8,40.3,267,10.0,40.1
2025-12-15,14:15,21.4,40.3,221,13.8,22.0
2025-12-15,14:20,27.5,65.2,666,5.9,43.4
2025-12-15,14:25,20.4,56.4,356,2.1,50.5
2025-12-15,14:30,23.7,61.4,623,15.0,56.0
2025-12-15,14:35,20.1,52.2,264,5.1,55.1
2025-12-15,14:40,22.7,53.0,369,9.9,50.0
2025-12-15,14:45,20.1,57.7,589,6.9,54.1
2025-12-15,14:50,27.7,42.6,297,16.5,51.8
2025-12-15,14:55,22.9,57.4,550,0.1,21.6
2025-12-15,15:00,23.8,40.8,295,9.5,30.3
2025-12-15,15:05,28.6,62.2,717,14.7,56.1
2025-12-15,15:10,22.9,61.2,517,9.4,20.1
2025-12-15,15:15,27.3,63.2,237,9.2,51.1
2025-12-15,15:20,29.9,64.5,255,13.9,50.0
2025-12-15,15:25,22.3,69.8,757,7.1,40.6
2025-12-15,15:30,29.3,67.0,759,8.6,55.9
2025-12-15,15:35,26.3,54.5,272,11.9,28.8
2025-12-15,15:40,28.7,68.7,449,9.2,38.0
2025-12-15,15:45,21.5,51.2,446,5.2,52.9
2025-12-15,15:50,20.5,64.1,485,14.7,36.8
2025-12-15,15:55,21.3,53.2,623,12.7,34.8
2025-12-15,16:00,25.6,69.0,299,11.5,42.3
2025-12-15,16:05,28.6,64.5,791,4.5,33.0
2025-12-15,16:10,27.5,40.2,746,8.7,34.9
2025-12-15,16:15,23.3,65.0,434,9.0,51.6
2025-12-15,16:20,26.4,49.0,210,7.8,36.8
2025-12-15,16:25,25.4,48.1,281,7.4,25.5
2025-12-15,16:30,24.3,46.1,482,17.5,47.1
2025-12-15,16:35,25.8,52.1,322,9.0,48.7
2025-12-15,16:40,25.6,59.3,376,5.7,44.8
2025-12-15,16:45,26.2,63.3,569,3.1,22.6
2025-12-15,16:50,29.0,43.2,529,10.0,24.5
2025-12-15,16:55,25.4,56.5,737,9.2,59.0
2025-12-15,17:00,23.5,64.4,569,7.2,34.5
2025-12-15,17:05,22.5,41.9,670,0.0,21.3
2025-12-15,17:10,28.4,51.5,396,0.6,22.9
2025-12-15,17:15,26.6,66.4,553,11.2,41.2
2025-12-15,17:20,20.4,44.4,511,10.4,36.1
2025-12-15,17:25,26.8,61.6,737,5.6,56.3
2025-12-15,17:30,24.4,55.1,431,10.0,34.1
2025-12-15,17:35,28.9,56.5,283,19.0,30.5
2025-12-15,17:40,23.6,60.4,623,13.6,50.7
2025-12-15,17:45,23.8,59.1,204,3.1,48.9
2025-12-15,17:50,24.9,49.1,436,16.5,50.3
2025-12-15,17:55,27.3,52.4,762,10.7,48.7
2025-12-15,18:00,27.9,48.7,537,13.5,28.5
2025-12-15,18:05,20.1,61.6,554,16.6,48.3
2025-12-15,18:10,26.0,41.6,412,17.4,57.8
2025-12-15,18:15,20.8,50.2,512,7.4,30.3
2025-12-15,18:20,21.6,69.4,324,10.5,25.9
2025-12-15,18:25,24.5,63.7,608,13.5,46.8
2025-12-15,18:30,23.2,56.6,371,4.4,45.1
2025-12-15,18:35,27.0,45.1,357,0.2,32.9
2025-12-15,18:40,29.7,58.4,645,15.5,20.9
2025-12-15,18:45,21.8,50.6,712,13.3,23.7
2025-12-15,18:50,23.3,50.1,460,2.4,23.4
2025-12-15,18:55,28.6,53.6,497,1.9,43.7
2025-12-15,19:00,27.4,51.3,635,19.4,58.8
2025-12-15,19:05,25.3,65.9,728,1.7,24.4
2025-12-15,19:10,29.1,53.3,630,4.1,26.3
2025-12-15,19:15,26.0,45.9,475,16.4,35.4
2025-12-15,19:20,27.5,51.5,240,8.7,51.6
2025-12-15,19:25,21.3,60.5,399,5.0,47.8
2025-12-15,19:30,22.1,43.7,298,14.4,47.6
2025-12-15,19:35,22.8,61.4,566,19.3,42.5
2025-12-15,19:40,28.3,59.7,647,10.3,30.3
2025-12-15,19:45,20.6,41.5,565,19.0,33.2
2025-12-15,19:50,22.3,65.0,450,3.7,58.1
2025-12-15,19:55,27.7,51.8,770,2.1,47.7
2025-12-15,20:00,28.2,40.2,236,6.5,29.3
2025-12-15,20:05,24.2,59.4,640,11.7,56.4
2025-12-15,20:10,27.8,43.8,551,11.8,21.9
2025-12-15,20:15,25.6,53.8,575,11.2,20.1
2025-12-15,20:20,23.0,42.3,266,16.2,33.2
2025-12-15,20:25,23.8,60.0,771,14.6,29.8
2025-12-15,20:30,23.9,45.7,647,11.0,20.6
2025-12-15,20:35,24.4,51.5,643,6.7,45.5
2025-12-15,20:40,22.0,41.9,601,4.6,44.3
2025-12-15,20:45,27.8,67.0,357,4.1,40.3
2025-12-15,20:50,29.0,63.9,319,17.8,43.8
2025-12-15,20:55,28.0,68.9,650,13.3,24.5
2025-12-15,21:00,29.5,42.4,746,10.9,38.6
2025-12-15,21:05,29.9,59.8,582,14.2,23.0
2025-12-15,21:10,20.8,43.6,744,5.2,47.0
2025-12-15,21:15,25.8,62.6,271,16.3,31.6
2025-12-15,21:20,29.6,69.5,503,6.1,20.7
2025-12-15,21:25,27.6,63.7,704,3.4,46.9
2025-12-15,21:30,25.8,64.1,404,2.6,49.7
2025-12-15,21:35,22.2,47.7,431,4.6,36.4
2025-12-15,21:40,27.4,40.9,795,3.9,35.1
2025-12-15,21:45,23.0,66.7,516,6.9,21.7
2025-12-15,21:50,24.2,59.1,707,7.4,21.6
2025-12-15,21:55,23.4,48.3,707,11.3,37.8
2025-12-15,22:00,21.7,43.9,395,16.3,39.5
2025-12-15,22:05,25.6,43.9,279,6.2,49.1
2025-12-15,22:10,28.6,63.6,599,11.1,50.1
2025-12-15,22:15,29.4,50.9,657,3.3,37.1
2025-12-15,22:20,24.1,61.1,502,2.4,52.2
2025-12-15,22:25,29.1,57.5,336,10.9,21.4
2025-12-15,22:30,28.4,67.0,772,4.3,58.1
2025-12-15,22:35,24.7,50.4,662,15.9,56.2
2025-12-15,22:40,29.3,56.4,394,1.7,39.8
2025-12-15,22:45,26.2,56.6,262,15.9,23.1
2025-12-15,22:50,26.0,60.1,543,2.0,20.6
2025-12-15,22:55,29.3,68.9,789,2.2,26.7
2025-12-15,23:00,27.7,65.3,463,8.5,27.9
2025-12-15,23:05,21.7,45.3,481,5.2,32.4
2025-12-15,23:10,24.2,58.8,773,3.1,57.1
2025-12-15,23:15,24.9,46.4,586,16.8,38.7
2025-12-15,23:20,27.5,52.8,335,14.2,26.9
2025-12-15,23:25,23.6,48.8,379,7.5,58.8
2025-12-15,23:30,23.3,51.2,742,3.1,28.9
2025-12-15,23:35,27.5,48.6,585,4.1,54.4
2025-12-15,23:40,20.4,63.9,625,7.5,44.4
2025-12-15,23:45,26.8,40.1,589,10.6,36.3
2025-12-15,23:50,20.4,55.9,562,10.9,47.0
2025-12-15,23:55,27.7,50.8,370,14.9,45.8
